"","GSE.2007.X","GSE.2007.Y","GSE.2008.X","GSE.2008.Y","GSE.2009.X","GSE.2009.Y","GSE.2010.X","GSE.2010.Y","GSE.2011.X","GSE.2011.Y","GSE.2012.X","GSE.2012.Y","GSE.2013.X","GSE.2013.Y","GSE.2014.X","GSE.2014.Y","GSE.2015.X","GSE.2015.Y"
"business",2.3275,2.5625,2.40583333333333,3.5275,2.68625,3.39,2.827,4.355,3.08166666666667,4.3475,3.2625,4.5825,3.4275,3.89,3.47888888888889,4.1425,3.54525,4.14
"social",2.00625,2.635,2.21583333333333,2.5275,2.29375,4.065,2.648,3.63,2.81166666666667,3.135,2.85785714285714,3.12,2.890625,3.0775,2.91138888888889,3.905,3.01075,2.4225
"people",1.33,1.0675,1.2425,1.5825,1.3275,2.395,1.541,2.4275,1.68875,2.395,1.78964285714286,3.715,2.0303125,3.2425,2.165,3.465,2.295,3.515
"sharing",0.71,0.4725,0.630833333333333,0.7075,0.65,1.2775,0.7755,2.3825,1.04333333333333,2.2,1.20857142857143,3.1125,1.4465625,2.9,1.60805555555556,4.0925,1.8565,3.4625
"sharingeconomy",0.4775,0.35,0.435,0.42,0.43125,0.4075,0.4265,1.07,0.53375,0.9875,0.598571428571429,2.285,0.809375,3.5225,1.11083333333333,4.1275,1.4125,3.8775
"economy",1.03125,0.795,0.9525,1.1275,0.99625,1.25,1.047,1.645,1.14666666666667,1.7225,1.22892857142857,2.1225,1.340625,1.575,1.36666666666667,2.085,1.4385,2.715
"services",0.79125,0.805,0.795833333333333,1.0325,0.855,1.0225,0.8885,1.125,0.927916666666667,1.175,0.963214285714286,1.765,1.0634375,1.8625,1.15222222222222,3.4,1.377,2.5825
"share",0.6625,0.65,0.658333333333333,1.1125,0.771875,1.11,0.8395,1.4875,0.9475,1.845,1.07571428571429,2.235,1.220625,2.0775,1.31583333333333,2.3775,1.422,2.015
"world",0.99,0.9475,0.975833333333333,1.775,1.175625,1.8525,1.311,1.7325,1.38125,1.4675,1.39357142857143,1.7975,1.4440625,1.41,1.44027777777778,1.29,1.42525,1.445
"technology",1.06875,1.1675,1.10166666666667,1.0275,1.083125,2.3575,1.338,1.61,1.38333333333333,0.95,1.32142857142857,1.34,1.32375,1.3775,1.32972222222222,1.47,1.34375,1.7075
"companies",0.55,0.5425,0.5475,0.86,0.625625,0.8125,0.663,0.9325,0.707916666666667,1.06,0.758214285714286,1.7375,0.880625,1.915,0.995555555555556,2.855,1.1815,3.0675
"community",0.9975,1.06,1.01833333333333,1.72,1.19375,1.47,1.249,1.42,1.2775,1.3,1.28071428571429,2.0125,1.3721875,1.0825,1.34,1.1125,1.31725,1.025
"work",0.94125,0.9,0.9275,1.06,0.960625,1.31,1.0305,1.29,1.07375,1.295,1.10535714285714,1.465,1.1503125,1.085,1.14305555555556,1.49,1.17775,1.8
"research",0.88625,1.015,0.929166666666667,1.0125,0.95,2.3625,1.2325,1.2725,1.23916666666667,0.97,1.20071428571429,1.155,1.195,1.27,1.20333333333333,1.21,1.204,1.375
"design",0.7925,0.8225,0.8025,1.4625,0.9675,3.1775,1.4095,1.8075,1.47583333333333,1.1575,1.43035714285714,1.5575,1.44625,0.7975,1.37416666666667,0.435,1.28025,0.4875
"collaborativeconsumption",0,0.245,0.0816666666666667,0.295,0.135,0.305,0.169,2.115,0.493333333333333,1.765,0.675,2.65,0.921875,2.0075,1.0425,1.5925,1.0975,1.835
"marketing",0.685,1,0.79,1.2425,0.903125,1.45,1.0125,1.125,1.03125,1.2525,1.06285714285714,0.9825,1.0528125,1.4775,1.1,1.6725,1.15725,1.1775
"service",0.62125,0.7625,0.668333333333333,0.8075,0.703125,0.97,0.7565,1.0175,0.8,1.07,0.838571428571429,1.2775,0.8934375,1.24,0.931944444444444,1.9025,1.029,1.89
"company",0.59125,0.63,0.604166666666667,1.0575,0.7175,0.745,0.723,0.7225,0.722916666666667,0.9325,0.752857142857143,1.5275,0.8496875,1.02,0.868611111111111,1.4675,0.9285,1.67
"global",0.76875,0.7925,0.776666666666667,1.0775,0.851875,1.1025,0.902,1.2175,0.954583333333333,1.0875,0.973571428571429,1.13,0.993125,0.785,0.97,0.895,0.9625,1.07
"economic",0.78875,0.61,0.729166666666667,1.07,0.814375,0.9,0.8315,1.1525,0.885,0.78,0.87,1.23,0.915,0.885,0.911666666666667,1.0525,0.92575,1.125
"innovation",0.485,0.81,0.593333333333333,0.775,0.63875,1.7625,0.8635,1.17,0.914583333333333,1.1425,0.947142857142857,1.3675,0.9996875,0.7525,0.972222222222222,0.7425,0.94925,0.78
"digital",0.6125,0.7025,0.6425,0.7625,0.6725,1.2075,0.7795,1.0725,0.828333333333333,0.87,0.834285714285714,0.7075,0.8184375,0.995,0.838055555555556,1.4575,0.9,0.9325
"money",0.54875,0.6225,0.573333333333333,1.16,0.72,0.6525,0.7065,0.97,0.750416666666667,0.6825,0.740714285714286,1.2175,0.8003125,1.0625,0.829444444444444,1,0.8465,1.0825
"development",0.73375,0.7225,0.73,0.99,0.795,2.3275,1.1015,1.005,1.08541666666667,0.5175,1.00428571428571,0.9225,0.9940625,0.4275,0.931111111111111,0.495,0.8875,0.58
"facebook",0.43875,0.4775,0.451666666666667,0.6,0.48875,0.94,0.579,0.8275,0.620416666666667,1.1475,0.695714285714286,1.11,0.7475,1,0.775555555555556,1.2925,0.82725,1.0175
"car",0.33875,0.265,0.314166666666667,0.415,0.339375,0.68,0.4075,0.68,0.452916666666667,0.925,0.520357142857143,1.5725,0.651875,1.355,0.73,1.305,0.7875,1.33
"help",0.49875,0.495,0.4975,0.9575,0.6125,0.755,0.641,1.015,0.703333333333333,0.9675,0.741071428571429,0.995,0.7728125,0.9025,0.787222222222222,0.97,0.8055,0.84
"mobile",0.6125,0.63,0.618333333333333,0.7125,0.641875,0.7375,0.661,0.735,0.673333333333333,0.795,0.690714285714286,0.765,0.7,0.99,0.732222222222222,1.125,0.7715,1.0425
"public",0.825,0.555,0.735,1.1975,0.850625,1.1075,0.902,0.5125,0.837083333333333,0.4875,0.787142857142857,0.8375,0.7934375,0.71,0.784166666666667,0.8125,0.787,0.8425
"collaborativeconomy",0,0.2225,0.0741666666666667,0,0.055625,0.32,0.1085,0.37,0.152083333333333,0.41,0.188928571428571,0.7175,0.255,1.9525,0.443611111111111,2.405,0.63975,2.2025
"international",0.455,0.4925,0.4675,0.675,0.519375,3.9975,1.215,0.6725,1.12458333333333,0.45,1.02821428571429,0.485,0.9603125,0.365,0.894166666666667,0,0.80475,0.5
"local",0.48125,0.3725,0.445,1.14,0.61875,0.985,0.692,0.7,0.693333333333333,0.5875,0.678214285714286,1.14,0.7359375,0.905,0.754722222222222,0.745,0.75375,0.9875
"systems",0.5975,0.965,0.72,0.5375,0.674375,2.26,0.9915,0.9125,0.978333333333333,0.4975,0.909642857142857,0.665,0.8790625,0.5,0.836944444444444,0.3375,0.787,0.605
"internet",0.77625,0.7625,0.771666666666667,0.8225,0.784375,0.65,0.7575,0.7,0.747916666666667,0.79,0.753928571428571,0.7975,0.759375,0.7125,0.754166666666667,0.91,0.76975,0.665
"model",0.37,0.425,0.388333333333333,0.4575,0.405625,0.9225,0.509,0.605,0.525,0.65,0.542857142857143,1.27,0.63375,1.1,0.685555555555556,0.8175,0.69875,1.0075
"industry",0.59125,0.5475,0.576666666666667,0.67,0.6,0.805,0.641,0.8625,0.677916666666667,0.48,0.649642857142857,0.7325,0.66,0.725,0.667222222222222,1.0075,0.70125,0.8675
"network",0.7425,0.5825,0.689166666666667,0.6825,0.6875,0.695,0.689,0.7275,0.695416666666667,0.5825,0.679285714285714,0.925,0.71,0.6,0.697777777777778,0.635,0.6915,0.6875
"access",0.50625,0.38,0.464166666666667,0.56,0.488125,0.62,0.5145,0.5125,0.514166666666667,0.585,0.524285714285714,0.9275,0.5746875,0.805,0.600277777777778,0.9775,0.638,0.9675
"airbnb",0,0,0,0.2875,0.071875,0,0.0575,0,0.0479166666666667,0.4575,0.106428571428571,1.3075,0.2565625,1.485,0.393055555555556,1.82,0.53575,1.8625
"software",0.715,0.69,0.706666666666667,0.3575,0.619375,1.5025,0.796,0.6175,0.76625,0.3125,0.701428571428571,1.05,0.745,0.4325,0.710277777777778,0.3975,0.679,0.3975
"city",0.34625,0.59,0.4275,0.8325,0.52875,0.6625,0.5555,0.355,0.522083333333333,0.7225,0.550714285714286,0.8325,0.5859375,0.6875,0.597222222222222,0.95,0.6325,0.82
"green",0.3575,0.7825,0.499166666666667,2.6875,1.04625,0.6,0.957,0.55,0.889166666666667,0.685,0.86,0.445,0.808125,0.2725,0.748611111111111,0,0.67375,0.3125
"group",0.6075,0.5775,0.5975,0.79,0.645625,0.7625,0.669,0.6025,0.657916666666667,0.5075,0.636428571428571,0.69,0.643125,0.6675,0.645833333333333,0.62,0.64325,0.565
"energy",0.66,0.5075,0.609166666666667,1.1325,0.74,0.9275,0.7775,0.6425,0.755,0.505,0.719285714285714,0.7825,0.7271875,0.345,0.684722222222222,0.3175,0.648,0.485
"experience",0.47875,0.4175,0.458333333333333,0.5525,0.481875,0.65,0.5155,0.565,0.52375,0.525,0.523928571428571,0.5525,0.5275,0.785,0.556111111111111,0.9025,0.59075,0.57
"food",0.39,0.305,0.361666666666667,0.7975,0.470625,1.005,0.5775,0.415,0.550416666666667,0.515,0.545357142857143,0.8125,0.57875,0.6175,0.583055555555556,0.6225,0.587,0.5725
"privacy",0.4025,0.405,0.403333333333333,0.4,0.4025,0.58,0.438,0.49,0.446666666666667,0.6175,0.471071428571429,0.6175,0.489375,0.7825,0.521944444444444,0.7,0.53975,0.965
"businesses",0.19625,0,0.130833333333333,0.46,0.213125,0.3475,0.24,0.65,0.308333333333333,0.725,0.367857142857143,0.81,0.423125,0.7975,0.464722222222222,1.1175,0.53,1.04
"uber",0,0,0,0,0,0,0,0,0,0,0,0,0,0.5575,0.0619444444444444,2.18,0.27375,3.595
"growth",0.27625,0.32,0.290833333333333,0.61,0.370625,0.5475,0.406,0.6125,0.440416666666667,0.5325,0.453571428571429,0.635,0.47625,0.6475,0.495277777777778,0.78,0.52375,0.8475
"law",0.4425,0.915,0.6,1.0575,0.714375,0.795,0.7305,0.405,0.67625,0.485,0.648928571428571,0.33,0.6090625,0.4,0.585833333333333,0.3425,0.5615,0.4425
"conference",0.21375,0.3725,0.266666666666667,0.3675,0.291875,3.5775,0.949,0,0.790833333333333,0.31,0.722142857142857,0,0.631875,0.325,0.597777777777778,0.34,0.572,0.3
"customer",0.1725,0.44,0.261666666666667,0.3375,0.280625,0.5175,0.328,0.725,0.394166666666667,0.605,0.424285714285714,0.66,0.45375,0.6525,0.475833333333333,0.9375,0.522,0.7825
"university",0.565,0.44,0.523333333333333,0.4,0.4925,1.555,0.705,0.4125,0.65625,0.37,0.615357142857143,0.4025,0.58875,0.3425,0.561388888888889,0.335,0.53875,0.5325
"financial",0.52375,0.4825,0.51,0.6325,0.540625,0.475,0.5275,0.545,0.530416666666667,0.355,0.505357142857143,0.595,0.5165625,0.49,0.513611111111111,0.5475,0.517,0.6775
"jobs",0.285,0.3,0.29,0.5675,0.359375,0.7675,0.441,0.445,0.441666666666667,0.44,0.441428571428571,0.515,0.450625,0.5475,0.461388888888889,0.5725,0.4725,0.99
"used",0.37125,0.2825,0.341666666666667,0.4125,0.359375,0.42,0.3715,0.5925,0.408333333333333,0.42,0.41,0.905,0.471875,0.585,0.484444444444444,0.705,0.5065,0.6425
"science",0.3925,0.2325,0.339166666666667,0.3225,0.335,1.6825,0.6045,0.525,0.59125,0.3675,0.559285714285714,0.585,0.5625,0.4375,0.548611111111111,0.2925,0.523,0.4775
"consumer",0.205,0.3275,0.245833333333333,0.5,0.309375,0.3825,0.324,0.49,0.351666666666667,0.325,0.347857142857143,0.7975,0.4040625,0.73,0.440277777777778,0.865,0.48275,0.805
"collaborative",0.13625,0.255,0.175833333333333,0,0.131875,0.4575,0.197,0.7775,0.29375,0.7475,0.358571428571429,0.945,0.431875,0.685,0.46,0.8,0.494,0.675
"society",0.385,0.25,0.34,0.4575,0.369375,1.285,0.5525,0.4475,0.535,0.405,0.516428571428571,0.605,0.5275,0.3725,0.510277777777778,0.495,0.50875,0.375
"space",0.10375,0.23,0.145833333333333,0.3575,0.19875,0.605,0.28,0.43,0.305,0.7225,0.364642857142857,0.73,0.4103125,0.7225,0.445,0.76,0.4765,0.605
"capital",0.36125,0.73,0.484166666666667,0.7475,0.55,0.3525,0.5105,0.33,0.480416666666667,0.365,0.463928571428571,0.505,0.4690625,0.5675,0.48,0.565,0.4885,0.475
"culture",0.3275,0.4125,0.355833333333333,0.5,0.391875,0.5475,0.423,0.5825,0.449583333333333,0.49,0.455357142857143,0.5725,0.47,0.5625,0.480277777777778,0.545,0.48675,0.485
"sustainable",0.1875,0.2975,0.224166666666667,0.585,0.314375,0.95,0.4415,0.7075,0.485833333333333,0.5025,0.488214285714286,0.6425,0.5075,0.3475,0.489722222222222,0.49,0.48975,0.45
"tech",0.30875,0.3025,0.306666666666667,0.37,0.3225,0,0.258,0.3675,0.27625,0.4125,0.295714285714286,0.61,0.335,0.6025,0.364722222222222,0.7575,0.404,1.2975
"customers",0,0.2825,0.0941666666666667,0.385,0.166875,0.3175,0.197,0.6225,0.267916666666667,0.46,0.295357142857143,0.7,0.3459375,0.675,0.3825,0.8875,0.433,0.955
"books",0.3775,0.35,0.368333333333333,0.4925,0.399375,0.5725,0.434,1.115,0.5475,0.4175,0.528928571428571,0.4725,0.521875,0.4875,0.518055555555556,0.2975,0.496,0.315
"ideas",0.21875,0.2675,0.235,0.5625,0.316875,0.425,0.3385,0.6425,0.389166666666667,0.5875,0.4175,0.8925,0.476875,0.525,0.482222222222222,0.415,0.4755,0.45
"personal",0.35,0.355,0.351666666666667,0.355,0.3525,0.535,0.389,0.6425,0.43125,0.4525,0.434285714285714,0.67,0.46375,0.43,0.46,0.525,0.4665,0.48
"recent",0.37875,0.42,0.3925,0.525,0.425625,0.445,0.4295,0.5325,0.446666666666667,0.4425,0.446071428571429,0.47,0.4490625,0.4525,0.449444444444444,0.5375,0.45825,0.5075
"government",0.5225,0.37,0.471666666666667,0.6325,0.511875,0.5025,0.51,0.415,0.494166666666667,0.3425,0.4725,0.4675,0.471875,0.2675,0.449166666666667,0.4025,0.4445,0.6025
"corporate",0.5975,0.4575,0.550833333333333,0.5125,0.54125,0.485,0.53,0.36,0.501666666666667,0.365,0.482142857142857,0.5325,0.4884375,0.37,0.475277777777778,0.3225,0.46,0.4475
"communities",0.2825,0.215,0.26,0.8725,0.413125,0.5075,0.432,0.4475,0.434583333333333,0.3725,0.425714285714286,0.8625,0.4803125,0.3775,0.468888888888889,0.42,0.464,0.4025
"users",0.3525,0.245,0.316666666666667,0,0.2375,0.335,0.257,0.51,0.299166666666667,0.42,0.316428571428571,1.11,0.415625,0.5825,0.434166666666667,0.575,0.44825,0.5475
"health",0.4575,0.325,0.413333333333333,0.5075,0.436875,0.5925,0.468,0.4275,0.46125,0.3925,0.451428571428571,0.3825,0.4428125,0.3825,0.436111111111111,0.465,0.439,0.62
"platform",0.32125,0.2025,0.281666666666667,0.38,0.30625,0,0.245,0.43,0.275833333333333,0.33,0.283571428571429,0.785,0.34625,0.615,0.376111111111111,0.705,0.409,0.835
"learn",0.31,0.265,0.295,0.45,0.33375,0.3925,0.3455,0.59,0.38625,0.6025,0.417142857142857,0.4625,0.4228125,0.5475,0.436666666666667,0.53,0.446,0.4525
"working",0.285,0.3175,0.295833333333333,0.3775,0.31625,0.505,0.354,0.4575,0.37125,0.5175,0.392142857142857,0.64,0.423125,0.4125,0.421944444444444,0.445,0.42425,0.5175
"trust",0,0,0,0.3925,0.098125,0,0.0785,0.445,0.139583333333333,0.72,0.2225,1.09,0.3309375,0.46,0.345277777777778,0.8125,0.392,0.68
"goods",0.15125,0,0.100833333333333,0,0.075625,0,0.0605,0.4025,0.1175,0.465,0.167142857142857,0.8575,0.2534375,0.75,0.308611111111111,1.0375,0.3815,0.75
"team",0.21625,0.3425,0.258333333333333,0.3525,0.281875,0.505,0.3265,0.45,0.347083333333333,0.3925,0.353571428571429,0.5925,0.3834375,0.6125,0.408888888888889,0.475,0.4155,0.3525
"building",0.2775,0.255,0.27,0.56,0.3425,0.5475,0.3835,0.445,0.39375,0.3575,0.388571428571429,0.6,0.415,0.39,0.412222222222222,0.4,0.411,0.3775
"job",0.34625,0.2975,0.33,0.395,0.34625,0.43,0.363,0.545,0.393333333333333,0.3125,0.381785714285714,0.3375,0.37625,0.3825,0.376944444444444,0.52,0.39125,0.52
"cities",0,0.215,0.0716666666666667,0.485,0.175,0.34,0.208,0.3,0.223333333333333,0.3,0.234285714285714,0.5325,0.2715625,0.5875,0.306666666666667,0.915,0.3675,0.755
"state",0.30625,0.2425,0.285,0.84,0.42375,0.4825,0.4355,0.3675,0.424166666666667,0.31,0.407857142857143,0.36,0.401875,0.2875,0.389166666666667,0.4475,0.395,0.425
"impact",0.31375,0.285,0.304166666666667,0.365,0.319375,0.38,0.3315,0.485,0.357083333333333,0.37,0.358928571428571,0.475,0.3734375,0.455,0.3825,0.4175,0.386,0.4525
"markets",0.32375,0.3125,0.32,0.35,0.3275,0,0.262,0.4525,0.29375,0.4275,0.312857142857143,0.5175,0.3384375,0.495,0.355833333333333,0.495,0.36975,0.61
"user",0.37375,0.365,0.370833333333333,0.3575,0.3675,0.48,0.39,0.49,0.406666666666667,0.25,0.384285714285714,0.5325,0.4028125,0.355,0.3975,0.3375,0.3915,0.3425
"travel",0.29875,0,0.199166666666667,0.525,0.280625,0,0.2245,0.3175,0.24,0.315,0.250714285714286,0.5875,0.2928125,0.5675,0.323333333333333,0.6225,0.35325,0.7175
"finance",0.35625,0.275,0.329166666666667,0.3775,0.34125,0.41,0.355,0.405,0.363333333333333,0.335,0.359285714285714,0.375,0.36125,0.475,0.373888888888889,0.37,0.3735,0.515
"climate",0.12,0.44,0.226666666666667,0.745,0.35625,0.6925,0.4235,0.4125,0.421666666666667,0.3775,0.415357142857143,0.3575,0.408125,0.27,0.392777777777778,0.29,0.3825,0.3875
"consumers",0,0,0,0.2775,0.069375,0,0.0555,0.425,0.117083333333333,0.395,0.156785714285714,0.635,0.2165625,0.7475,0.275555555555556,0.9225,0.34025,0.7975
"startups",0,0.35,0.116666666666667,0,0.0875,0,0.07,0,0.0583333333333333,0.3825,0.104642857142857,0.565,0.1621875,0.9,0.244166666666667,0.955,0.31525,0.975
"learning",0.26625,0.3525,0.295,0.295,0.295,1.625,0.561,0.7025,0.584583333333333,0.2925,0.542857142857143,0.305,0.513125,0,0.456111111111111,0,0.4105,0
"environment",0.275,0.2575,0.269166666666667,0.435,0.310625,0.6375,0.376,0.48,0.393333333333333,0.3425,0.386071428571429,0.44,0.3928125,0.2525,0.377222222222222,0.3025,0.36975,0.395
"members",0.33,0.2075,0.289166666666667,0.4775,0.33625,0.3625,0.3415,0.34,0.34125,0.29,0.333928571428571,0.47,0.3509375,0.41,0.3575,0.34,0.35575,0.3925
"cost",0.28875,0.2225,0.266666666666667,0.2975,0.274375,0,0.2195,0.4175,0.2525,0.385,0.271428571428571,0.6375,0.3171875,0.3275,0.318333333333333,0.4325,0.32975,0.5675
"provide",0.26375,0,0.175833333333333,0.3575,0.22125,0.3425,0.2455,0.4025,0.271666666666667,0.2875,0.273928571428571,0.4325,0.29375,0.44,0.31,0.4875,0.32775,0.5625
"collaboration",0,0.27,0.09,0,0.0675,0.5775,0.1695,0.865,0.285416666666667,0.415,0.303928571428571,0.465,0.3240625,0.2875,0.32,0.525,0.3405,0.3525
"sustainability",0.1425,0.375,0.22,0.7025,0.340625,0.6,0.3925,0.45,0.402083333333333,0.3925,0.400714285714286,0,0.350625,0.285,0.343333333333333,0.315,0.3405,0.3
"trends",0.135,0.23,0.166666666666667,0.325,0.20625,0.3475,0.2345,0.3775,0.258333333333333,0.3075,0.265357142857143,0.4025,0.2825,0.6275,0.320833333333333,0.38,0.32675,0.435
"startup",0.255,0.2925,0.2675,0,0.200625,0,0.1605,0,0.13375,0.4325,0.176428571428571,0.62,0.231875,0.57,0.269444444444444,0.55,0.2975,0.63
"sales",0.2275,0.3625,0.2725,0.3675,0.29625,0.3175,0.3005,0.3825,0.314166666666667,0.2525,0.305357142857143,0.4125,0.31875,0.285,0.315,0.4675,0.33025,0.3
"security",0.3575,0.2925,0.335833333333333,0.2875,0.32375,0.5625,0.3715,0.2825,0.356666666666667,0.2975,0.348214285714286,0,0.3046875,0.3,0.304166666666667,0.2975,0.3035,0.5625
"cars",0,0,0,0,0,0,0,0.2875,0.0479166666666667,0.4475,0.105,0.7175,0.1815625,0.73,0.2425,0.7225,0.2905,0.6375
"peertopeer",0,0,0,0,0,0,0,0.32,0.0533333333333333,0.3025,0.0889285714285714,0.7725,0.174375,0.6925,0.231944444444444,0.6875,0.2775,0.7525
"private",0.2975,0.3125,0.3025,0.335,0.310625,0.3275,0.314,0.3025,0.312083333333333,0,0.2675,0.4375,0.28875,0.3625,0.296944444444444,0.3725,0.3045,0.4125
"enterprise",0.2025,0.3575,0.254166666666667,0.3525,0.27875,0.505,0.324,0.3725,0.332083333333333,0.3325,0.332142857142857,0.4775,0.3503125,0.2575,0.34,0.3975,0.34575,0
"shared",0,0,0,0,0,0,0,0.4075,0.0679166666666667,0.515,0.131785714285714,0.7075,0.20375,0.6725,0.255833333333333,0.6325,0.2935,0.485
"economics",0.46875,0.3575,0.431666666666667,0.415,0.4275,0,0.342,0.4575,0.36125,0.2625,0.347142857142857,0.3125,0.3428125,0,0.304722222222222,0.3525,0.3095,0.315
"platforms",0,0,0,0,0,0,0,0,0,0.295,0.0421428571428571,0.685,0.1225,0.5875,0.174166666666667,0.75,0.23175,1.09
"brand",0,0,0,0.3325,0.083125,0.415,0.1495,0.4225,0.195,0.35,0.217142857142857,0.3175,0.2296875,0.43,0.251944444444444,0.6125,0.288,0.47
"app",0.0975,0.195,0.13,0,0.0975,0,0.078,0.325,0.119166666666667,0.325,0.148571428571429,0.3725,0.1765625,0.4775,0.21,0.7125,0.26025,0.7425
"states",0.31125,0.22,0.280833333333333,0.405,0.311875,0.3125,0.312,0.365,0.320833333333333,0.295,0.317142857142857,0,0.2775,0.43,0.294444444444444,0.295,0.2945,0.3975
"demand",0.14,0,0.0933333333333333,0,0.07,0,0.056,0.2775,0.0929166666666667,0.2675,0.117857142857143,0.605,0.17875,0.465,0.210555555555556,0.7825,0.26775,0.625
"national",0.255,0.2475,0.2525,0.575,0.333125,0.4875,0.364,0.3225,0.357083333333333,0.39,0.361785714285714,0.3575,0.36125,0,0.321111111111111,0,0.289,0.395
"production",0.40875,0.28,0.365833333333333,0.3975,0.37375,0,0.299,0.33,0.304166666666667,0.2825,0.301071428571429,1.165,0.4090625,0,0.363611111111111,0,0.32725,0
"ownership",0.1275,0,0.085,0,0.06375,0.37,0.125,0.3875,0.16875,0.3075,0.188571428571429,0.545,0.233125,0.5175,0.264722222222222,0.52,0.29025,0.3475
"together",0.10125,0,0.0675,0.275,0.119375,0.3525,0.166,0.4725,0.217083333333333,0.395,0.2425,0.4925,0.27375,0.4125,0.289166666666667,0.35,0.29525,0.2975
"rise",0,0,0,0,0,0,0,0.84,0.14,0.4575,0.185357142857143,0.515,0.2265625,0.475,0.254166666666667,0.4225,0.271,0.4525
"legal",0.28,0.53,0.363333333333333,0.635,0.43125,0.4225,0.4295,0,0.357916666666667,0,0.306785714285714,0,0.2684375,0.285,0.270277777777778,0.2925,0.2725,0.3525
"benefits",0.105,0,0.07,0.295,0.12625,0,0.101,0.3225,0.137916666666667,0.2775,0.157857142857143,0.4275,0.1915625,0.3775,0.212222222222222,0.4675,0.23775,0.685
"music",0.3575,0.32,0.345,0.2675,0.325625,0.61,0.3825,0.405,0.38625,0.3775,0.385,0,0.336875,0.3625,0.339722222222222,0,0.30575,0
"ondemand",0,0,0,0,0,0,0,0,0,0,0,0,0,0,0,1.14,0.114,1.9
"advertising",0.27125,0.29,0.2775,0.39,0.305625,0.57,0.3585,0.3075,0.35,0.325,0.346428571428571,0,0.303125,0.275,0.3,0.33,0.303,0
"technologies",0.18125,0.2625,0.208333333333333,0.31,0.23375,0.4675,0.2805,0.405,0.30125,0,0.258214285714286,0.3725,0.2725,0,0.242222222222222,0.4675,0.26475,0.355
"opportunities",0.095,0,0.0633333333333333,0.2625,0.113125,0.32,0.1545,0.3,0.17875,0.285,0.193928571428571,0.35,0.2134375,0.345,0.228055555555556,0.5075,0.256,0.41
"billion",0.1025,0.22,0.141666666666667,0.3625,0.196875,0,0.1575,0,0.13125,0.3425,0.161428571428571,0.3075,0.1796875,0.385,0.2025,0.5225,0.2345,0.575
"workers",0,0,0,0,0,0,0,0,0,0.5725,0.0817857142857143,0.325,0.1121875,0,0.0997222222222222,0.6725,0.157,1.3475
"drivers",0.14625,0,0.0975,0,0.073125,0,0.0585,0,0.04875,0,0.0417857142857143,0,0.0365625,0.395,0.0763888888888889,0.8775,0.1565,1.34
"rent",0,0,0,0,0,0,0,0,0,0.28,0.04,0.5775,0.1071875,0.8775,0.192777777777778,0.5625,0.22975,0.5725
"member",0.37375,0.255,0.334166666666667,0.3475,0.3375,0.3625,0.3425,0.4775,0.365,0.3625,0.364642857142857,0,0.3190625,0.255,0.311944444444444,0,0.28075,0
"traditional",0.105,0,0.07,0,0.0525,0,0.042,0.3275,0.0895833333333333,0,0.0767857142857143,0.49,0.1284375,0.555,0.175833333333333,0.5325,0.2115,0.68
"environmental",0.15,0.2525,0.184166666666667,0.51,0.265625,0.6225,0.337,0.445,0.355,0.2775,0.343928571428571,0.3275,0.341875,0,0.303888888888889,0,0.2735,0
"consumption",0.16375,0.195,0.174166666666667,0,0.130625,0,0.1045,0.38,0.150416666666667,0.31,0.173214285714286,0.4225,0.204375,0.3575,0.221388888888889,0.295,0.22875,0.445
"costs",0.24375,0,0.1625,0,0.121875,0,0.0975,0.275,0.127083333333333,0.285,0.149642857142857,0.5375,0.198125,0.28,0.207222222222222,0.3325,0.21975,0.5075
"politics",0.24,0.2225,0.234166666666667,0,0.175625,0.4325,0.227,0.2975,0.23875,0.25,0.240357142857143,0,0.2103125,0.345,0.225277777777778,0,0.20275,0.465
"american",0.33375,0.3225,0.33,0.3225,0.328125,0.5175,0.366,0.3525,0.36375,0,0.311785714285714,0,0.2728125,0,0.2425,0,0.21825,0.2975
"leadership",0.22125,0.53,0.324166666666667,0.3375,0.3275,0.3625,0.3345,0.5275,0.366666666666667,0.265,0.352142857142857,0,0.308125,0,0.273888888888889,0,0.2465,0
"investment",0.28625,0.3675,0.313333333333333,0.54,0.37,0,0.296,0.33,0.301666666666667,0,0.258571428571429,0.335,0.268125,0.2925,0.270833333333333,0,0.24375,0
"funding",0.125,0.185,0.145,0.35,0.19625,0,0.157,0,0.130833333333333,0,0.112142857142857,0.4925,0.1596875,0.4375,0.190555555555556,0.3575,0.20725,0.325
"house",0.11875,0.1925,0.143333333333333,0.5725,0.250625,0,0.2005,0,0.167083333333333,0.3075,0.187142857142857,0,0.16375,0.2975,0.178611111111111,0.29,0.18975,0.4125
"problem",0.21625,0.225,0.219166666666667,0,0.164375,0.445,0.2205,0.36,0.24375,0,0.208928571428571,0.41,0.2340625,0,0.208055555555556,0,0.18725,0.3875
"europe",0.1075,0.225,0.146666666666667,0,0.11,0.33,0.154,0,0.128333333333333,0.2725,0.148928571428571,0.335,0.1721875,0.36,0.193055555555556,0,0.17375,0.4125
"london",0.09,0.225,0.135,0.2825,0.171875,1.1475,0.367,0,0.305833333333333,0,0.262142857142857,0,0.229375,0.315,0.238888888888889,0,0.215,0
"political",0.345,0.2975,0.329166666666667,0.2825,0.3175,0.47,0.348,0.325,0.344166666666667,0,0.295,0,0.258125,0,0.229444444444444,0,0.2065,0
"brands",0,0,0,0,0,0,0,0.3225,0.05375,0,0.0460714285714286,0,0.0403125,0.4875,0.09,0.81,0.162,0.4225
"changing",0,0,0,0,0,0.3075,0.0615,0.33,0.10625,0.3225,0.137142857142857,0.34,0.1625,0,0.144444444444444,0.39,0.169,0.3525
"past",0.165,0,0.11,0,0.0825,0,0.066,0,0.055,0.25,0.0828571428571429,0.3525,0.1165625,0.3025,0.137222222222222,0.36,0.1595,0.445
"transportation",0.12125,0,0.0808333333333333,0.36,0.150625,0,0.1205,0.3825,0.164166666666667,0,0.140714285714286,0,0.123125,0,0.109444444444444,0.5275,0.15125,0.4825
"price",0.14375,0,0.0958333333333333,0.3075,0.14875,0.3225,0.1835,0,0.152916666666667,0,0.131071428571429,0,0.1146875,0.26,0.130833333333333,0.365,0.15425,0.395
"connect",0,0,0,0,0,0,0,0,0,0.305,0.0435714285714286,0.3625,0.0834375,0.38,0.116388888888889,0.4175,0.1465,0.435
"lyft",0,0,0,0,0,0,0,0,0,0,0,0,0,0.425,0.0472222222222222,0.805,0.123,0.6675
"trend",0,0,0,0,0,0,0,0,0,0.295,0.0421428571428571,0.3825,0.0846875,0.465,0.126944444444444,0.375,0.15175,0.3275
"entrepreneurs",0,0,0,0,0,0,0,0,0,0.3075,0.0439285714285714,0.51,0.1021875,0.375,0.1325,0.3175,0.151,0.305
"smart",0.2125,0.245,0.223333333333333,0,0.1675,0.425,0.219,0,0.1825,0.3925,0.2125,0,0.1859375,0.3175,0.200555555555556,0,0.1805,0
"tax",0.33375,0,0.2225,0.435,0.275625,0.3225,0.285,0,0.2375,0,0.203571428571429,0,0.178125,0,0.158333333333333,0,0.1425,0.315
"rental",0,0,0,0,0,0,0,0,0,0,0,0.32,0.04,0.53,0.0944444444444444,0.45,0.13,0.4225
"quality",0,0.2475,0.0825,0.2675,0.12875,0.325,0.168,0,0.14,0,0.12,0.3075,0.1434375,0.255,0.155833333333333,0.32,0.17225,0
"care",0.165,0.215,0.181666666666667,0,0.13625,0.385,0.186,0,0.155,0,0.132857142857143,0,0.11625,0,0.103333333333333,0.3375,0.12675,0.4125
"risk",0.14,0.2725,0.184166666666667,0.47,0.255625,0.3725,0.279,0,0.2325,0.27,0.237857142857143,0,0.208125,0,0.185,0,0.1665,0
"theory",0.11375,0.4325,0.22,0,0.165,0.6225,0.2565,0.3375,0.27,0,0.231428571428571,0,0.2025,0,0.18,0,0.162,0
"china",0.265,0.2175,0.249166666666667,0,0.186875,0.45,0.2395,0.4,0.26625,0,0.228214285714286,0,0.1996875,0,0.1775,0,0.15975,0
"renting",0,0,0,0,0,0,0,0,0,0,0,0.3325,0.0415625,0.49,0.0913888888888889,0.38,0.12025,0.39
"opportunity",0,0,0,0,0,0,0,0,0,0.2825,0.0403571428571429,0.3125,0.074375,0.3075,0.100277777777778,0.3625,0.1265,0.3025
"zipcar",0,0,0,0,0,0,0,0.3975,0.06625,0.2975,0.0992857142857143,0.4325,0.1409375,0.3475,0.163888888888889,0,0.1475,0
"european",0,0.1975,0.0658333333333333,0,0.049375,0.8475,0.209,0,0.174166666666667,0,0.149285714285714,0,0.130625,0.425,0.163333333333333,0,0.147,0
"p2p",0.14875,0,0.0991666666666667,0,0.074375,0,0.0595,0,0.0495833333333333,0.23,0.0753571428571429,0.5175,0.130625,0.4175,0.1625,0,0.14625,0
"institute",0.22,0.23,0.223333333333333,0.3975,0.266875,0.3775,0.289,0,0.240833333333333,0,0.206428571428571,0,0.180625,0,0.160555555555556,0,0.1445,0
"countries",0.2325,0,0.155,0.32,0.19625,0.32,0.221,0,0.184166666666667,0,0.157857142857143,0.3325,0.1796875,0,0.159722222222222,0,0.14375,0
"virtual",0.09625,0.335,0.175833333333333,0,0.131875,0.475,0.2005,0.4225,0.2375,0,0.203571428571429,0,0.178125,0,0.158333333333333,0,0.1425,0
"hotel",0.10875,0,0.0725,0,0.054375,0,0.0435,0,0.03625,0,0.0310714285714286,0,0.0271875,0.33,0.0608333333333333,0.4675,0.1015,0.37
"apps",0,0,0,0,0,0,0,0,0,0,0,0,0,0.2925,0.0325,0.4725,0.0765,0.5925
"oil",0.375,0,0.25,0,0.1875,0,0.15,0.6025,0.225416666666667,0,0.193214285714286,0,0.1690625,0,0.150277777777778,0,0.13525,0
"carbon",0.11,0.275,0.165,0.4575,0.238125,0.3625,0.263,0,0.219166666666667,0,0.187857142857143,0,0.164375,0,0.146111111111111,0,0.1315,0
"performance",0.14125,0.365,0.215833333333333,0.2775,0.23125,0.3725,0.2595,0,0.21625,0,0.185357142857143,0,0.1621875,0,0.144166666666667,0,0.12975,0
"oxford",0.24875,0.315,0.270833333333333,0,0.203125,0.4825,0.259,0,0.215833333333333,0,0.185,0,0.161875,0,0.143888888888889,0,0.1295,0
"taxi",0,0,0,0,0,0,0,0,0,0,0,0,0,0,0,0.615,0.0615,0.675
"offers",0,0,0,0,0,0,0,0.3625,0.0604166666666667,0,0.0517857142857143,0.32,0.0853125,0.305,0.109722222222222,0.29,0.12775,0
"driver",0.1675,0,0.111666666666667,0,0.08375,0,0.067,0,0.0558333333333333,0,0.0478571428571429,0,0.041875,0,0.0372222222222222,0.415,0.075,0.4725
"corporations",0.41,0,0.273333333333333,0,0.205,0,0.164,0,0.136666666666667,0,0.117142857142857,0,0.1025,0.39,0.134444444444444,0,0.121,0
"friends",0,0,0,0,0,0,0,0.3025,0.0504166666666667,0.2875,0.0842857142857143,0.365,0.119375,0.255,0.134444444444444,0,0.121,0
"buying",0,0,0,0,0,0,0,0,0,0,0,0,0,0.2875,0.0319444444444444,0.545,0.08325,0.3675
"manufacturing",0,0,0,0,0,0.3725,0.0745,0.315,0.114583333333333,0,0.0982142857142857,0.4525,0.1425,0,0.126666666666667,0,0.114,0
"employees",0,0,0,0,0,0,0,0,0,0,0,0,0,0,0,0.44,0.044,0.6825
"adobe",0,0,0,0,0,0,0,1.1225,0.187083333333333,0,0.160357142857143,0,0.1403125,0,0.124722222222222,0,0.11225,0
"challenges",0,0.2075,0.0691666666666667,0,0.051875,0.3575,0.113,0,0.0941666666666667,0,0.0807142857142857,0,0.070625,0.25,0.0905555555555556,0.3025,0.11175,0
"rachelbotsman",0,0,0,0,0,0,0,0.7075,0.117916666666667,0.4075,0.159285714285714,0,0.139375,0,0.123888888888889,0,0.1115,0
"income",0,0,0,0,0,0,0,0,0,0,0,0,0,0.2725,0.0302777777777778,0.355,0.06275,0.4825
"president",0.25375,0.21,0.239166666666667,0,0.179375,0,0.1435,0.3775,0.1825,0,0.156428571428571,0,0.136875,0,0.121666666666667,0,0.1095,0
"library",0.38875,0,0.259166666666667,0,0.194375,0,0.1555,0.3,0.179583333333333,0,0.153928571428571,0,0.1346875,0,0.119722222222222,0,0.10775,0
"family",0.27,0.2275,0.255833333333333,0.285,0.263125,0,0.2105,0,0.175416666666667,0,0.150357142857143,0,0.1315625,0,0.116944444444444,0,0.10525,0
"crowdfunding",0,0,0,0.455,0.11375,0,0.091,0,0.0758333333333333,0,0.065,0.55,0.125625,0,0.111666666666667,0,0.1005,0
"ondemandeconomy",0,0,0,0,0,0,0,0,0,0,0,0,0,0,0,0.35,0.035,0.6475
"urban",0,0,0,0.3725,0.093125,0,0.0745,0,0.0620833333333333,0.275,0.0925,0,0.0809375,0.2975,0.105,0,0.0945,0
"retail",0.12125,0.2075,0.15,0,0.1125,0,0.09,0,0.075,0.235,0.0978571428571429,0,0.085625,0.26,0.105,0,0.0945,0
"waste",0,0,0,0.2725,0.068125,0.3625,0.127,0,0.105833333333333,0,0.0907142857142857,0.31,0.118125,0,0.105,0,0.0945,0
"association",0.10125,0,0.0675,0.3275,0.1325,0.4125,0.1885,0,0.157083333333333,0,0.134642857142857,0,0.1178125,0,0.104722222222222,0,0.09425,0
"organization",0.11625,0,0.0775,0,0.058125,0.31,0.1085,0,0.0904166666666667,0,0.0775,0.355,0.1121875,0,0.0997222222222222,0,0.08975,0
"groups",0.29,0,0.193333333333333,0,0.145,0.305,0.177,0,0.1475,0,0.126428571428571,0,0.110625,0,0.0983333333333333,0,0.0885,0
"room",0,0,0,0,0,0,0,0,0,0,0,0,0,0.29,0.0322222222222222,0.2875,0.05775,0.3025
"safety",0.1,0,0.0666666666666667,0,0.05,0,0.04,0.3675,0.0945833333333333,0,0.0810714285714286,0,0.0709375,0,0.0630555555555556,0.3125,0.088,0
"drive",0,0,0,0,0,0,0,0,0,0,0,0,0,0.2625,0.0291666666666667,0.295,0.05575,0.2975
"crisis",0,0.195,0.065,0,0.04875,0,0.039,0.2725,0.0779166666666667,0,0.0667857142857143,0.3525,0.1025,0,0.0911111111111111,0,0.082,0
"regulation",0,0,0,0,0,0,0,0,0,0,0,0,0,0,0,0.355,0.0355,0.4325
"canada",0,0,0,0,0,0.4425,0.0885,0.3375,0.13,0,0.111428571428571,0,0.0975,0,0.0866666666666667,0,0.078,0
"taskrabbit",0,0,0,0,0,0,0,0,0,0,0,0,0,0.3525,0.0391666666666667,0.4175,0.077,0
"entrepreneurship",0.12125,0.2075,0.15,0.315,0.19125,0,0.153,0,0.1275,0,0.109285714285714,0,0.095625,0,0.085,0,0.0765,0
"nature",0.10125,0,0.0675,0.265,0.116875,0,0.0935,0.29,0.12625,0,0.108214285714286,0,0.0946875,0,0.0841666666666667,0,0.07575,0
"jeremiahowyang",0,0,0,0,0,0,0,0,0,0,0,0,0,0.3925,0.0436111111111111,0.3625,0.0755,0
"usa",0,0,0,0,0,0.75,0.15,0,0.125,0,0.107142857142857,0,0.09375,0,0.0833333333333333,0,0.075,0
"michigan",0,0,0,0.75,0.1875,0,0.15,0,0.125,0,0.107142857142857,0,0.09375,0,0.0833333333333333,0,0.075,0
"israel",0.135,0.1975,0.155833333333333,0.265,0.183125,0,0.1465,0,0.122083333333333,0,0.104642857142857,0,0.0915625,0,0.0813888888888889,0,0.07325,0
"rules",0.125,0,0.0833333333333333,0,0.0625,0,0.05,0,0.0416666666666667,0,0.0357142857142857,0,0.03125,0,0.0277777777777778,0,0.025,0.4775
"fuel",0.36,0,0.24,0,0.18,0,0.144,0,0.12,0,0.102857142857143,0,0.09,0,0.08,0,0.072,0
"hardware",0.1275,0,0.085,0,0.06375,0,0.051,0,0.0425,0,0.0364285714285714,0.455,0.08875,0,0.0788888888888889,0,0.071,0
"cultural",0,0.4425,0.1475,0.2675,0.1775,0,0.142,0,0.118333333333333,0,0.101428571428571,0,0.08875,0,0.0788888888888889,0,0.071,0
"board",0.1075,0.1825,0.1325,0.3025,0.175,0,0.14,0,0.116666666666667,0,0.1,0,0.0875,0,0.0777777777777778,0,0.07,0
"amazon",0.1925,0,0.128333333333333,0,0.09625,0,0.077,0.31,0.115833333333333,0,0.0992857142857143,0,0.086875,0,0.0772222222222222,0,0.0695,0
"infographic",0,0.405,0.135,0,0.10125,0,0.081,0,0.0675,0.2825,0.0982142857142857,0,0.0859375,0,0.0763888888888889,0,0.06875,0
"regulations",0,0,0,0,0,0,0,0,0,0,0,0,0,0,0,0.3725,0.03725,0.3125
"providers",0,0,0,0,0,0,0,0,0,0,0,0,0,0,0,0.335,0.0335,0.3425
"students",0,0,0,0,0,0,0,0.4275,0.07125,0.2425,0.0957142857142857,0,0.08375,0,0.0744444444444444,0,0.067,0
"ride",0,0,0,0,0,0,0,0,0,0,0,0,0,0,0,0.2975,0.02975,0.365
"carsharing",0,0,0,0,0,0,0,0,0,0,0,0.37,0.04625,0.2875,0.0730555555555556,0,0.06575,0
"seats",0,0,0,0,0,0,0,0.3175,0.0529166666666667,0.3325,0.0928571428571429,0,0.08125,0,0.0722222222222222,0,0.065,0
"crowdsourcing",0,0,0,0,0,0,0,0,0,0,0,0.6325,0.0790625,0,0.0702777777777778,0,0.06325,0
"employment",0.14,0,0.0933333333333333,0,0.07,0,0.056,0,0.0466666666666667,0,0.04,0,0.035,0,0.0311111111111111,0,0.028,0.3425
"coworking",0,0,0,0,0,0,0,0,0,0.285,0.0407142857142857,0.32,0.075625,0,0.0672222222222222,0,0.0605,0
"programmeoxford",0.1925,0.22,0.201666666666667,0,0.15125,0,0.121,0,0.100833333333333,0,0.0864285714285714,0,0.075625,0,0.0672222222222222,0,0.0605,0
"driving",0,0,0,0,0,0,0,0,0,0,0,0,0,0.2575,0.0286111111111111,0.34,0.05975,0
"foundation",0,0,0,0,0,0,0,0,0,0.2525,0.0360714285714286,0.345,0.0746875,0,0.0663888888888889,0,0.05975,0
"career",0,0.2475,0.0825,0,0.061875,0,0.0495,0.3475,0.0991666666666667,0,0.085,0,0.074375,0,0.0661111111111111,0,0.0595,0
"individual",0.11375,0,0.0758333333333333,0,0.056875,0,0.0455,0,0.0379166666666667,0,0.0325,0.36,0.0734375,0,0.0652777777777778,0,0.05875,0
"works",0.10375,0,0.0691666666666667,0,0.051875,0,0.0415,0,0.0345833333333333,0,0.0296428571428571,0.3775,0.073125,0,0.065,0,0.0585,0
"blogs",0,0.2425,0.0808333333333333,0.3425,0.14625,0,0.117,0,0.0975,0,0.0835714285714286,0,0.073125,0,0.065,0,0.0585,0
"independent",0,0,0,0,0,0,0,0,0,0,0,0,0,0,0,0,0,0.575
"africa",0,0,0,0,0,0.56,0.112,0,0.0933333333333333,0,0.08,0,0.07,0,0.0622222222222222,0,0.056,0
"sell",0,0,0,0,0,0,0,0,0,0,0,0,0,0.2625,0.0291666666666667,0.29,0.05525,0
"apple",0.27625,0,0.184166666666667,0,0.138125,0,0.1105,0,0.0920833333333333,0,0.0789285714285714,0,0.0690625,0,0.0613888888888889,0,0.05525,0
"tourism",0,0,0,0,0,0,0,0.535,0.0891666666666667,0,0.0764285714285714,0,0.066875,0,0.0594444444444444,0,0.0535,0
"lifestyle",0,0,0,0.535,0.13375,0,0.107,0,0.0891666666666667,0,0.0764285714285714,0,0.066875,0,0.0594444444444444,0,0.0535,0
"natural",0.08875,0,0.0591666666666667,0,0.044375,0.3375,0.103,0,0.0858333333333333,0,0.0735714285714286,0,0.064375,0,0.0572222222222222,0,0.0515,0
"owners",0.1025,0,0.0683333333333333,0,0.05125,0,0.041,0,0.0341666666666667,0,0.0292857142857143,0,0.025625,0.3,0.0561111111111111,0,0.0505,0
"california",0,0,0,0.2625,0.065625,0,0.0525,0,0.04375,0.24,0.0717857142857143,0,0.0628125,0,0.0558333333333333,0,0.05025,0
