"","LN.2007.X","LN.2007.Y","LN.2008.X","LN.2008.Y","LN.2009.X","LN.2009.Y","LN.2010.X","LN.2010.Y","LN.2011.X","LN.2011.Y","LN.2012.X","LN.2012.Y","LN.2013.X","LN.2013.Y","LN.2014.X","LN.2014.Y","LN.2015.X","LN.2015.Y"
"car",100,78.036768426379,100,87.1988464871648,100,88.783421532125,100,87.5555060662101,96.922563352042,100,100,58.2196764320069,100,74.7696383446806,100,46.8026125270992,92.7195264073939,21.657622101628
"people",38.3707201889021,36.5230224321134,42.1498371335506,41.7537279980874,44.4957659738262,37.2779093093704,43.7415881561239,36.7350910657745,41.9632422913528,35.9874279727606,41.2622066754116,34.6651508526453,44.4350758853288,51.2108350219649,48.4114216770558,69.4992065563361,53.0785078755314,56.5860878145042
"city",18.7721369539552,25.7475965592849,25.1465798045603,32.2381436213131,29.9846035411855,34.2575243333446,32.5706594885599,53.3685138026859,38.4402088900264,42.4829753797801,40.4459991254918,31.4733712286838,42.8089616959768,60.1249768197489,49.0247335612307,50.4962766517714,50.2737188284657,17.9575727676369
"sharing",36.8358913813459,28.5832349468714,36.7426710097718,34.3709470161074,37.8367975365666,34.6549434091375,38.1965006729475,39.6370924794486,38.7337950068036,47.4070193818753,42.0346888208715,37.5337122868386,45.9286918814742,42.8879373230131,47.8182183792479,42.6715408087155,47.8853984580857,31.4257523433646
"bike",0,8.28006409175242,4.7557003257329,15.9960254609569,10.3156274056967,21.4606300928145,14.4818304172274,44.8040706062335,22.9192895164058,38.9209009952855,27.8968080454744,36.6852645386969,33.9918092026017,58.8515279914944,41.3834707420068,43.060347558681,42.5138024649174,8.2387765170202
"share",21.2514757969304,19.0554899645809,22.671009771987,26.4959806353286,25.8275596612779,31.6345584331117,28.7752355316285,35.1779195755105,30.6503905915384,30.5919329491881,31.3365398629937,28.9684302579798,34.533847265719,42.1147719630012,38.1359340438366,41.1649146525991,39.4370338738938,18.2042427232363
"company",26.3282172373082,23.8193624557261,28.2084690553746,18.7030451543496,25.4426481909161,21.6195977231316,25.114401076716,30.3648440601489,26.6576194033686,28.496595075956,27.7802069669144,26.5038915609969,30.8600337268128,33.5644726875755,33.1791675045244,41.6023222463104,35.3233432715308,30.8830784410458
"business",18.8902007083825,14.858745150953,18.957654723127,21.2460030481427,21.1701308698999,17.6454069652031,20.7806191117093,23.4283528762454,21.5883657870158,22.420115243583,22.3145314094155,22.2616528202885,25.0782943868947,32.9277482734481,28.2123466720289,33.9233889344914,29.7817600633888,46.3739516526887
"cars",46.9893742621018,40.8331927812449,49.3811074918566,38.8006156052954,47.3826020015396,30.3628173905746,43.4185733512785,34.257772785809,41.0433391254509,31.0633839706653,39.2071126657921,19.8779186707477,38.3281137075403,26.0602206639306,37.7538709028755,21.2385687168664,35.6293202584834,11.5934879131722
"service",26.4462809917356,19.6226176420982,25.8631921824104,17.5546125571527,23.518090839107,22.0965006140831,23.9300134589502,23.2160113093912,23.8196202745225,20.1676270298586,23.3493659816353,17.9790118058592,24.6567092266923,26.4695435015839,26.4327367786044,38.1030614966207,29.0083182352585,31.4750863344845
"companies",21.4876033057852,16.7869792545118,21.4983713355049,13.0429130681649,18.8221709006928,16.3736659226659,18.7079407806191,15.6424954249252,17.9283255311936,14.510214772132,17.3881358402565,12.1206821163096,17.9836184052035,27.4246301227751,21.0737985119646,33.1457754345604,23.6112241598442,41.4405525407005
"zipcar",52.4203069657615,25.4073199527745,43.5179153094464,31.0076801243164,40.2617397998459,46.0211289768133,43.7415881561239,32.1343571172671,40.6910357853184,31.3253012048193,39.0176359131321,16.484127678181,37.1597205492652,19.465574946182,35.3207319525437,0,29.8582543101269,0
"sharingeconomy",0,0,0,0,0,0,0,0,0,0,0,5.73712286838652,1.71043122139243,14.1443780566883,4.55459481198471,46.0735998709138,11.9076044089063,100
"services",13.2231404958678,8.96061730477316,12.442996742671,10.9101096733706,12.4711316397229,12.4789589798958,12.9475100942126,16.7749837814808,14.0529887897347,13.3053954950236,14.1670310450372,12.8479230432881,15.5384244760299,21.3302678732695,17.6855017092298,34.9440066531509,21.061415935239,43.8085841144548
"work",16.6469893742621,16.6735537190083,18.7622149837134,20.9178794489436,20.9006928406467,19.9504376048016,21.3728129205922,14.7931291575084,19.6311250085013,21.4772132006286,20.5946655006559,12.4439003060778,20.7299445916646,20.7845040897317,21.8982505529861,17.8365096546681,21.6308731054008,36.3591514553527
"uber",0,0,0,0,0,0,0,0,0,0,0,0,0,5.68503941185221,1.25678664789865,69.4992065563361,13.2165059642036,77.0103601381352
"public",15.702479338843,15.5392983639737,17.5895765472313,16.4061799599558,18.0908391070054,18.0428260409959,18.7617765814266,24.2069386213774,20.3357316887665,20.1676270298586,20.7549919836758,14.6660253607346,21.5249337509033,24.3319686827275,23.3460687713653,18.1281147171422,22.9057772177034,13.2215096201283
"market",16.5289256198347,7.82636194973857,13.6156351791531,9.92573887577326,12.70207852194,10.8097988615658,12.5437415881561,17.3412279597587,13.9159819352387,25.4583551597695,17.4464363795365,14.1811980760822,18.6461093712358,30.6537325087072,22.3406394530464,15.2606649361466,21.5543788586627,18.5989146521953
"members",32.5855962219598,23.9327879912296,31.7263843648209,23.2147446433374,29.6381832178599,24.4015312536817,28.9905787348586,21.446498252273,27.0099227435013,18.0199057097957,25.1275324296749,12.2014866637516,24.4037581305709,17.0551182355566,24.1403579328373,10.9837906865258,22.3278206867929,10.7054760730143
"vehicles",26.4462809917356,20.5300219261258,26.3843648208469,13.6991602665631,22.0169361046959,24.3220474385231,23.6339165545087,31.0726492829962,25.7768610530371,25.7202723939235,26.3518437545547,15.4336685614342,26.3791857383762,15.8271497225966,25.5177960989342,7.0957231868707,22.8122842494679,5.27873704982731
"transportation",12.6328217237308,8.39348962725586,11.7915309446254,13.4530675671637,13.2794457274827,15.8967630317144,14.6702557200538,25.6933295893568,17.7717462689124,21.5819800942902,19.2391779623961,12.4843025797988,19.621777884847,25.8782994027513,22.0993364166499,16.0868792798233,21.4948833334218,7.0054267390232
"drivers",11.6883116883117,9.41431944678698,11.85667752443,8.03902818037834,10.7775211701309,4.76902890951435,9.15208613728129,6.58258857247984,8.47485257096813,7.01938187532741,8.26410144293835,7.87844337560121,9.17851120211996,12.4161260754852,10.4061934446008,41.6995239338017,16.0892898972588,36.9511593487913
"cities",10.1534828807556,9.98144712430427,11.3355048859935,9.10542987777547,10.9699769053118,10.8892826767244,11.3593539703903,15.8548369917794,12.6437754292042,11.6291251964379,12.6512170237574,11.3530389156099,13.8400385449289,21.5121891344488,16.3080635431329,24.7864303103017,18.1206371161943,17.4148988653182
"carsharing",25.2656434474617,20.3031708551189,25.6026058631922,24.1991154409348,26.481909160893,19.2350832683745,25.0336473755047,18.2613747494602,23.2520204487533,20.0104766893662,22.8829616673954,10.9490161783996,22.1753794266441,14.0079371108039,21.6066760506736,8.40794596800432,19.7355156584443,0
"bikes",0,4.08331927812449,2.34527687296417,13.6171293667633,7.77521170130871,9.1406387432358,8.53297442799461,19.4646436283006,11.5868654088063,14.510214772132,12.6657921585774,14.019588981198,14.6470729944591,26.3785828709943,18.0575105570078,17.8851104984138,18.3926166601522,4.53872718302911
"local",11.0979929161747,12.0231067633665,13.0293159609121,13.8632220661626,14.2032332563511,13.1148295011644,14.3741588156124,15.2885928135016,14.6793058388594,13.9339968569932,14.808336977117,10.3429820725842,15.3216092507829,18.0556851720426,16.7806153227428,13.6568370925388,16.5737534599338,13.7148495313271
"rental",5.3128689492326,6.69210659470401,6.77524429967428,9.02339897797566,8.23710546574288,12.1610237192615,9.87886944818304,12.811274533536,10.7256794662599,20.848611838659,13.7880775397172,12.1610843900306,15.0204769934955,25.1960946733291,18.1077820229237,11.275395749,17.2792004020746,9.47212629501725
"technology",9.91735537190084,6.23840445269016,9.05537459283389,6.72653378358187,8.50654349499617,9.53805781902866,9.17900403768503,18.1198137048907,11.6847274477321,11.6815086432687,11.9516105523976,9.8985570616528,12.8282341604432,15.7816694073017,14.1966619746632,14.5802531237069,14.550905601747,19.7335964479526
"money",10.271546635183,7.59951087873166,10.0325732899023,10.2538624749724,10.7390300230947,10.0149607099801,10.9017496635262,10.4047367758552,10.8039690974005,12.0481927710844,11.3977554292377,10.7874070835155,12.6355095157793,16.8277166590826,14.2670420269455,17.0102953109914,15.035369164422,14.8988653182042
"airbnb",0,0,0,0,0,0,0,0,0,0,0,7.95924792304327,2.37292218742471,18.1466458026323,5.99235873718078,37.6656539029095,11.6526235864458,34.4844597927972
"users",6.72963400236128,5.89812784617981,7.10097719869707,6.64450288378207,7.3133179368745,6.91509191879577,7.45625841184387,12.6697134889665,8.92501795002651,13.200628601362,10.3191954525579,12.645911674683,12.2982413876174,14.2353386872779,13.4124271063744,19.100131592056,14.6783960129773,14.4055254070054
"university",9.20897284533648,13.4976387249115,12.8338762214984,11.9765113707677,13.2024634334103,28.2962381964517,18.8156123822342,26.8258179459124,21.0990555923872,14.4054478784704,19.720157411456,6.58557061652819,18.260660081908,11.3700788237044,17.7558817615122,6.70691643690516,16.1827828654943,4.83473112974839
"parking",24.2030696576151,19.6226176420982,24.6254071661238,12.7968203687655,20.554272517321,21.4606300928145,21.6419919246299,18.8983994500227,20.9620487378912,10.8433734939759,18.6270222999562,7.67643200699605,17.6824861479161,14.0534174260987,17.8664789865272,10.4491814053233,16.9307266113785,0
"community",7.55608028335302,8.28006409175242,8.92508143322476,9.7616770761737,9.85373364126249,11.525153197993,10.7940780619112,14.5100070683695,11.8608791177984,12.676794133054,12.3597143273575,10.2621775251421,13.2739099012286,17.1005985508515,14.8602453247536,11.4211982802371,14.5594049624957,7.59743463246176
"businesses",8.02833530106257,9.75459605329736,10.0325732899023,8.1210590801781,9.73826020015398,10.1739283402973,10.2557200538358,8.63522371873699,9.84492111592835,8.59088528025145,9.72161492493805,8.16125929164843,10.46735726331,11.5520000848837,11.2909712447215,16.7672910922629,12.4770615790681,16.4775530340405
"world",4.60448642266824,6.35182998819363,6.18892508143324,8.531213579177,7.65973826020016,7.4714786249058,7.88694481830415,8.35210162959805,8.04425959969493,9.27187008905188,8.57017927415827,10.6662002623524,10.2625873283546,15.1904253084691,11.9243917152624,16.3784843422974,12.9445264202457,13.6655155402072
"government",10.7438016528926,7.82636194973857,10.4234527687296,10.2538624749724,10.9699769053118,13.8301838375915,12.3553162853297,10.2631757312858,11.8217343022281,10.4766893661603,11.7184083952776,5.13108876257104,11.2141652613828,9.45990558132208,11.4518399356525,12.3932151551509,11.8481088836655,18.746916625555
"industry",11.9244391971665,7.14580873671784,10.6840390879479,6.56247198398231,9.39183987682832,6.67664047332008,8.82907133243604,7.21961327304239,8.41613534761272,9.06233630172865,8.78880629645824,6.58557061652819,9.22669236328592,18.5559686402856,11.8037401970641,11.6156016552198,12.0095967378905,17.2175629008387
"vehicle",12.0425029515939,7.48608534322822,10.9446254071661,9.51558437677436,10.9314857582756,11.9225722737858,11.6823687752355,17.1996669151892,13.2505200705437,14.510214772132,13.9046786182772,12.1206821163096,15.104794025536,12.1432441837163,15.2925799316308,5.83210124948276,13.9474509885904,4.93339911198814
"travel",10.1534828807556,11.5694046213527,12.2475570032573,12.6327585691659,13.1639722863741,14.5455381740187,14.1318977119784,10.4755172981399,13.1722304394032,7.85751702462021,11.9953359568576,5.93913423699168,11.6839315827511,15.1904253084691,13.1107983108787,7.9705383742931,12.4770615790681,12.3828317710903
"cost",12.987012987013,11.1157024793389,13.5504885993485,12.8788512685653,14.0492686682063,10.1739283402973,13.2705248990578,11.6787861769804,12.878644322626,12.1005762179151,12.9572948549774,8.72689112374288,13.3100457721031,10.8697953554614,13.5129700382063,9.37996284291809,13.0635174707273,8.33744449925996
"home",10.0354191263282,6.69210659470401,9.38110749185668,8.44918267937723,9.50731331793687,7.07405954911294,9.04441453566622,6.37024700562563,8.33784571647214,9.63855421686748,8.8908322401982,8.04005247048534,9.74463984582026,13.0528504896127,11.0195053287754,14.9690598736724,11.9331024911524,14.7508633448446
"social",1.18063754427391,6.12497891718672,4.16938110749186,3.93748319038938,4.31100846805234,5.00748035499004,4.71063257065949,9.83849259757737,6.14573604453579,11.4719748559455,7.76854685905842,12.1206821163096,10.0337268128162,16.2819528755447,11.9746631811783,12.9764252800991,12.3920679715813,12.0374938332511
"economy",2.95159386068477,3.17591499409682,3.45276872964169,6.89059558318144,5.2732871439569,8.98167111291867,6.72947510094212,6.51180805019511,6.69376346251989,10.0576217915139,7.78312199387844,5.4543069523393,8.05829920501082,9.5053858966169,8.82766941484012,13.1222278113362,9.75726613948924,26.3936852491366
"consumers",6.84769775678867,6.57868105920054,7.55700325732898,5.33200848698561,6.96689761354888,6.83560810363721,7.18707940780618,10.192395209001,8.04425959969493,7.17653221581982,7.9871738813584,8.28246611281153,9.07010358949649,7.32233076246565,9.18962396943491,11.0809923740173,9.70626997499713,23.4829797730636
"costs",10.86186540732,8.84719176926972,11.0749185667752,13.6991602665631,12.9715165511932,11.9225722737858,13.1090174966353,12.1742498329735,12.8982167304111,12.4148768989,13.0593207987174,6.30275470048097,12.6716453866538,8.64125990601536,12.487432133521,9.13695862418963,12.1540858706182,8.43611248149977
"global",5.19480519480521,4.8772980266487,5.66775244299673,6.89059558318144,6.58198614318708,12.7174104253716,8.90982503364737,11.8203472215498,9.74705907700263,8.32896804609745,9.57586357673807,9.97936160909486,10.8889424235124,14.5082205790468,12.2964005630404,7.14432403061638,11.6441242256971,11.0508140108535
"rent",0,5.33100016866252,3.06188925081433,4.51169948898785,3.92609699769054,4.37160983372149,4.22611036339166,5.09619760450052,4.48208138279841,11.8386589837611,6.63168634309866,8.20166156536946,7.92580101180436,12.46160639078,9.37060124673233,19.0029299045647,11.244654270509,11.8401578687716
"economic",5.78512396694215,6.23840445269016,6.77524429967428,7.46481188177987,7.50577367205542,11.7636046434687,9.23283983849258,10.192395209001,9.53176259136601,10.8433734939759,10.1151435650779,7.55522518583295,10.611900746808,10.3240315719236,11.1401568469737,7.29012656185347,10.6921958218445,13.5175135668476
"insurance",10.9799291617474,6.69210659470401,9.90228013029318,3.52732869139049,7.50577367205542,5.96128613689293,7.26783310901747,7.57351588446605,7.37879773499998,9.90047145102149,8.24952630811833,5.41390467861827,8.4317032040472,8.00453549188792,8.80756082847374,13.1222278113362,9.74026741799186,18.2042427232363
"provide",8.26446280991738,6.12497891718672,8.07817589576548,5.82419388578431,7.50577367205542,9.1406387432358,8.34454912516821,10.8294199095636,9.06202480452254,9.42902042954425,9.37181168925811,5.89873196327065,9.50373403999034,9.64182684250135,10.0643474763724,9.28276115542672,10.1312380124313,13.6161815490873
"network",6.02125147579692,6.91895766571093,7.29641693811075,5.82419388578431,7.04387990762125,7.39199480974724,7.42934051144009,7.43195483989656,7.45708736614057,11.6815086432687,8.80338143127823,9.45413205072145,10.0939532642737,12.961889859023,11.2909712447215,8.40794596800432,11.0151715302945,7.15342871238284
"transport",15.8205430932704,16.7869792545118,18.371335504886,15.1757164629591,17.9753656658969,9.93547689482152,15.9353970390309,10.8294199095636,14.5814437999337,7.17653221581982,12.8552689112374,5.00988194140795,12.117562033245,8.14097643777237,11.9143374220792,7.67893331181897,11.4146414854826,4.63739516526887
"customers",5.19480519480521,4.19674481362793,5.27687296416937,8.69527537877657,7.19784449576599,6.04076995205149,7.07940780619111,8.21054058502861,7.41794255057029,8.32896804609745,7.84142253315841,7.43401836466986,8.6966995904601,10.233070941334,9.52141564448017,11.5183999677284,10.0632431264419,9.52146028613713
"students",4.84061393152302,11.1157024793389,9.05537459283389,11.894480470968,10.9314857582756,17.4069555197273,13.5397039030955,16.208739603203,14.3270024987268,8.48611838658986,13.0301705290774,5.3331001311762,12.3584678390749,7.23137013187602,11.9143374220792,5.92930293697412,11.10866449853,0
"state",3.65997638724911,5.21757463315905,5.01628664495114,3.93748319038938,4.81139337952269,8.42528440680865,6.21803499327051,9.76771207529265,7.22221847271881,11.9958093242535,8.71593062235825,4.28264101442937,8.4798843652132,7.9590551765931,8.83772370802333,9.42856368666382,9.11981408333795,11.3468179575727
"ride",1.06257378984652,0,0.586319218241042,5.00388488778651,2.69438029253272,8.82270348260151,4.87213997308208,9.1306873747301,6.06744641339521,6.23363017286539,6.25273283777875,5.37350240489724,6.76945314382077,9.82374810368062,7.82224009652118,17.1074969984828,9.60427764601291,8.28811050814008
"energy",8.50059031877216,12.4768089053804,11.85667752443,15.0936855631593,14.0877598152425,13.3532809466401,14.3741588156124,18.9691799723075,15.697071043687,7.01938187532741,13.6423261915173,4.52505465675557,12.6234642254878,9.05058274366872,12.5377035994369,0,10.5987028536089,0
"green",8.61865407319955,14.2916174734357,12.9641693811075,13.7811911663628,14.1262509622787,14.3865705437016,14.7510094212651,15.9963980363488,15.1490436257029,8.22420115243585,13.5694505174173,6.54516834280716,13.1655022886051,5.73051972714703,12.2561833903076,0,10.3607207526458,0
"app",0,0,0,0,0,0,0,5.45010021592418,1.50707539945623,6.07647983237298,2.81300102025943,8.52487975513772,4.86629727776438,8.09549612247755,5.8515986326161,19.1973332795474,8.30387545146426,11.8894918598915
"making",5.43093270365999,4.3101703491314,5.47231270358305,6.07028658518364,6.08160123171669,7.39199480974724,6.7563930013459,7.92741849588967,7.10478402600795,8.06705081194344,7.5353447019385,6.01993878443374,8.02216333413633,7.64069296952937,8.38528051477982,9.67156790539227,8.7798396533906,8.43611248149977
"residents",9.68122786304606,8.96061730477316,10.4885993485342,6.72653378358187,9.35334872979214,12.3994751647373,10.7402422611036,11.254103043272,10.9214035441114,8.38135149292822,10.4649468007579,5.05028421512898,10.1541797157311,8.82318116719463,10.4263020309672,8.06774006178446,10.2247309806669,0
"president",7.55608028335302,3.96989374262102,6.44951140065147,6.39841018438274,6.81293302540415,11.4456693828344,8.64064602960968,10.5462978204247,9.19903165901854,8.11943425877421,9.10945926249814,5.29269785745517,9.10623946037098,9.32346463543763,9.66217574904485,4.81148353082327,9.00932239360506,6.75875678342375
"idea",4.13223140495869,7.59951087873166,6.64495114006515,7.54684278157967,7.46728252501924,5.24593180046577,6.99865410497982,5.5208807382089,6.6154738313793,6.7574646411734,6.80658796093861,5.69672059466549,7.32353649722957,10.4149922025133,8.41544339432936,9.57436621790086,8.78833901413927,7.15342871238284
"working",1.06257378984652,6.01155338168325,4.03908794788272,7.05465738278097,5.69668976135489,7.86889770069866,6.64872139973083,7.43195483989656,6.88948754037133,5.55264536406496,6.67541174755864,5.41390467861827,7.13081185256564,7.23137013187602,7.5507741805751,8.89395440546123,7.93840293927086,12.0374938332511
"drive",12.987012987013,9.41431944678698,12.5732899022801,8.531213579177,11.431870669746,9.29960637355297,11.1440107671601,7.00727170618822,10.0406451937798,7.2289156626506,9.48841276781809,6.06034105815478,9.6482775234883,6.91300792481229,9.5817414035793,6.51251306192244,9.23880513381951,3.94671928959053
"benefits",6.25737898465173,3.28934052960029,5.34201954397395,5.82419388578431,5.88914549653581,8.26631677649152,6.91790040376848,5.8040028273478,6.63504623916444,5.50026191723415,6.47135986007869,5.3331001311762,6.93808720790172,5.50311815067294,7.00784234868288,5.7348995619914,6.92697901017749,17.2668968919585
"stations",0,0,0,4.10154498998895,1.92455735180909,0,1.34589502018842,10.7586393872789,3.95362637259945,9.63855421686748,5.62600204051885,7.51482291211192,6.88990604673572,17.5099213885048,9.62195857631209,9.23416031168104,9.74876677874058,0
"taxi",0,0,0,0,0,0,0,0,0,0,0,0,0,5.45763783537812,1.20651518198271,27.7996826225345,5.88155763808935,22.1509620128268
"states",8.14639905548996,4.99072356215214,7.3615635179153,5.98825568538384,7.1593533487298,6.91509191879577,7.3485868102288,6.37024700562563,7.10478402600795,9.74332111052907,8.00174901617838,4.76746829908176,8.03420862442784,8.27741738365682,8.53609491252766,5.78350040573708,8.22738120472614,8.43611248149977
"research",5.78512396694215,3.96989374262102,5.47231270358305,4.67576128858738,5.4272517321016,5.80231850657576,5.76043068640645,8.4936626741675,6.53718420023872,6.91461498166578,6.79201282611862,6.82798425885438,7.64875933509994,10.0966299954495,8.61652925799316,5.83210124948276,8.30387545146426,7.94277257030092
"employees",6.4935064935065,4.99072356215214,6.44951140065147,6.56247198398231,6.88991531947652,9.93547689482152,8.18304172274562,4.24683133708375,7.12435643379309,7.43844944997379,7.37501821891853,3.27258417140358,7.07058540110817,6.54916540245375,7.3496883169113,5.44329449951726,7.16496111114061,13.2708436112482
"private",5.43093270365999,5.21757463315905,5.99348534201955,5.16794668738608,5.96612779060818,4.76902890951435,5.78734858681023,6.44102752791035,5.98915678225462,4.87166055526454,5.81547879317883,5.17149103629208,6.34786798361839,8.18645675306719,7.10838528051475,10.9837906865258,7.92990357852219,8.09077454366056
"consumer",7.20188902007086,0,3.97394136807817,4.10154498998895,4.27251732101616,5.00748035499004,4.68371467025572,4.3883923816532,4.6190882372944,5.91932949188057,5.08672205217898,6.58557061652819,6.16718862924593,6.6856063483382,6.62577920772171,5.97790378071985,6.64650010547087,14.6521953626048
"model",1.88902007083825,0,1.04234527687296,3.52732869139049,2.27097767513472,3.73573931245289,2.85329744279946,5.09619760450052,3.48388858575596,7.07176532215819,4.56201719865908,4.64626147791866,5.15538424476031,7.54973233893974,5.9722501508144,9.18555946793536,6.65499946621959,13.9615194869265
"financial",4.48642266824085,4.19674481362793,4.88599348534204,4.10154498998895,4.81139337952269,7.70993007038149,5.97577388963659,6.58258857247984,6.16530845232093,7.5955997904662,6.70456201719865,6.54516834280716,7.49217056131051,6.13984256480039,7.61109993967422,6.12370631195689,7.50493554108796,8.92945239269857
"growing",5.43093270365999,4.76387249114523,5.73289902280132,4.51169948898785,5.50423402617397,3.89470694277003,5.16823687752355,6.37024700562563,5.51941899541111,5.55264536406496,5.65515231015886,5.21189331001311,6.22741508070345,8.32289769895164,7.03800522823246,8.31074428051291,7.40294321210378,9.27479033053773
"mobile",1.65289256198347,0,0.912052117263844,0,0.538876058506542,3.49728786697718,1.56123822341857,7.43195483989656,3.19030246897877,8.80041906757464,4.82436962541901,9.57533887188455,6.84172488556971,9.64182684250135,7.8423486828876,6.56111390566812,7.77691508504585,6.75875678342375
"hertz",0,0,0,0,0,12.7174104253716,4.30686406460295,13.1651771449596,6.77205309366048,18.0722891566265,10.071418160618,9.65614341932661,11.2021199710913,4.63899216007141,10.3760305650513,0,8.77134029264188,0
"space",2.5974025974026,3.96989374262102,3.71335504885994,5.98825568538384,5.00384911470362,0,3.4993270524899,7.07805222847295,4.50165379058355,5.13357778941854,4.78064422095902,5.61591604722343,5.62515056612865,8.05001580718273,6.47496480997387,10.6921856240517,7.343447686863,7.79477059694128
"driving",5.54899645808737,5.33100016866252,6.12377850162865,6.56247198398231,6.6974595842956,6.59715665816148,6.91790040376848,6.65336909476456,6.8699151325862,6.862231534835,7.02521498323859,5.77752514210755,7.528306432185,7.64069296952937,7.97305449426906,5.49189534326295,7.70042083830773,5.67340897878639
"capital",3.65997638724911,3.40276606510373,3.97394136807817,0,2.34795996920708,4.37160983372149,3.12247644683714,7.50273536218129,4.34507452830238,10.1623886851755,6.06325608511877,4.12103191954525,6.23946037099491,7.86809454600346,6.94751658958375,8.60234934298705,7.37744512985773,6.46275283670447
"electric",0,0,0,0,0,7.55096244006436,2.55720053835801,18.5444968385991,6.98734957929706,11.0005238344683,8.26410144293835,9.65614341932661,9.70850397494578,8.59577959072055,10.0040217172733,0,8.45686394494059,0
"bikeshare",0,0,0,3.52732869139049,1.65511932255581,0,1.15746971736205,6.58258857247984,2.66184745877983,7.43844944997379,4.05188747995917,8.04005247048534,5.74560346904359,14.3262993178676,7.96300020108585,9.4771645304095,8.3888690589511,0
"london",3.7780401416765,7.14580873671784,6.18892508143324,4.34763768938828,5.69668976135489,7.4714786249058,6.51413189771198,6.22868596105618,6.45889456909814,8.27658459926663,7.11266579215856,5.09068648885001,7.39580823897855,5.09379531301958,7.29941685099538,6.85271896814225,7.36894576910906,5.87074494326591
"shared",0,3.40276606510373,1.95439739413681,4.01951409018915,3.04080061585835,3.81522312761146,3.4185733512786,8.06897954045916,4.71695027622017,7.07176532215819,5.48025069231891,3.91902055094009,5.69742230787759,8.55029927542573,6.64588779408808,8.8453535617155,7.16496111114061,6.61075481006411
"national",7.67414403778041,6.01155338168325,7.68729641693811,5.24997758718585,7.00538876058507,10.4123797857729,8.42530282637954,7.43195483989656,8.18126645419097,6.54793085385017,7.91429820725841,5.13108876257104,8.07034449530233,8.18645675306719,8.54614920571082,0,7.22445663638139,6.16674888998519
"road",11.3341204250295,11.7962556923596,13.0293159609121,11.3202641723695,13.0100076982294,7.39199480974724,11.6016150740242,7.92741849588967,10.6278174273342,6.7574646411734,9.794490599038,4.48465238303453,9.43146229824135,4.72995279066104,8.91815805348883,4.08247087463793,8.25287928697215,0
"demand",3.42384887839433,3.62961713611064,3.97394136807817,4.26560678958852,4.34949961508852,6.51767284300291,5.24899057873484,6.22868596105618,5.53899140319629,6.65269774751177,5.9758052761988,8.04005247048534,7.33558178752108,6.64012603304338,7.59099135330785,4.51987846834914,7.20745791488405,5.72274296990627
"office",3.7780401416765,6.35182998819363,5.73289902280132,5.41403938678541,5.92763664357199,5.80231850657576,6.11036339165544,6.22868596105618,6.16530845232093,6.70508119434259,6.4567847252587,3.75741145605596,6.45627559624186,7.50425202364492,7.04805952141563,5.44329449951726,6.9099802886801,7.2520966946226
"street",6.84769775678867,4.76387249114523,6.51465798045602,4.92185398798675,6.15858352578906,6.27922139752722,6.43337819650065,10.9002004318483,7.69195625956232,6.07647983237298,7.41874362337852,4.64626147791866,7.51626114189349,10.5514331483977,8.60647496480994,4.90868521831468,8.13388823649059,0
"urban",5.54899645808737,6.01155338168325,6.51465798045602,4.92185398798675,6.15858352578906,7.86889770069866,6.97173620457604,8.98912633016061,7.55494940506629,7.17653221581982,7.62279551085847,5.65631832094446,7.98602746326183,8.68674022131018,8.58636637844357,4.7142818433319,8.08289207199847,0
"tax",2.36127508854782,3.40276606510373,3.25732899022802,9.6796461763739,6.46651270207853,6.04076995205149,6.5679676985195,0,4.77566749957558,6.60031430068099,5.39279988339889,0,4.45675740785352,5.59407878126258,4.9567665393123,5.39469365577154,5.13361389220516,16.67488899852
"experience",5.19480519480521,0,2.86644951140065,3.77342139078982,3.46420323325635,3.41780405181861,3.58008075370121,4.45917290393796,3.83619192588858,5.50026191723415,4.38711558081913,6.30275470048097,5.50469766321366,9.27798432014281,6.64588779408808,7.82473584305606,6.98647453541827,5.22940305870743
"lyft",0,0,0,0,0,0,0,0,0,0,0,0,0,7.50425202364492,1.65895837522622,24.5434260915733,5.69457170161829,11.1001480019733
"traffic",11.0979929161747,9.75459605329736,11.7263843648208,9.02339897797566,11.1624326404927,8.66373585228438,10.7402422611036,8.77678476330644,10.2363692716313,3.82399161864851,8.68678035271825,5.17149103629208,8.72079017104308,7.1858898165812,8.86788658757287,0,7.49643618033929,0
"systems",3.06965761511217,3.06248945859336,3.45276872964169,0,2.04003079291763,5.80231850657576,3.39165545087483,6.51180805019511,4.26678489716179,5.70979570455737,4.76606908613904,5.97953651071271,5.72151288846061,7.14040950128638,6.35431329177557,6.75551728065084,6.55300713723537,4.2920572274297
"fuel",8.14639905548996,5.89812784617981,7.8827361563518,15.1757164629591,11.7782909930716,6.51767284300291,10.4441453566622,5.23775864906997,9.04245239673737,10.1100052383447,9.54671330709806,3.03017052907739,8.79306191279207,5.59407878126258,8.57631208526041,0,7.24995471862745,0
"personal",1.65289256198347,4.08331927812449,3.25732899022802,3.85545229058962,3.73364126250962,3.57677168213575,3.82234185733512,5.30853917135469,4.24721248937665,5.50026191723415,4.69319341203905,3.75741145605596,4.99879547097083,5.27571657419885,5.33882968027347,6.02650462446553,5.56708129038801,8.63344844597929
"bicycle",0,0,0,4.59373038878761,2.15550423402617,4.37160983372149,2.9878869448183,6.44102752791035,3.95362637259945,9.21948664222106,5.50940096195887,6.26235242675994,6.42013972536737,8.27741738365682,7.1888196259803,5.58909703075431,7.05446942140772,0
"markets",6.84769775678867,3.06248945859336,5.53745928338764,4.01951409018915,5.15781370284835,3.73573931245289,4.87213997308208,5.59166126049362,5.08882602413792,4.45259298061812,5.02842151289897,3.71700918233493,5.26379185738374,6.36724414127448,5.80132716670019,5.92930293697412,5.94105316333013,6.06808090774543
"sales",13.6953955135774,4.8772980266487,10.3583061889251,5.41403938678541,8.66050808314087,6.19973758236862,8.15612382234185,6.72414961704929,7.78981829848804,7.01938187532741,7.75397172423844,3.19177962396152,7.35967236810406,9.59634652720653,8.26462899658152,0,6.98647453541827,0
"owners",0,0,0,0,0,0,0,4.88385603764631,1.35049613717506,8.32896804609745,3.32313073895933,4.72706602536073,4.15562515056612,6.64012603304338,4.93665795294588,8.31074428051291,5.62657681562884,7.79477059694128
"health",3.42384887839433,3.85646820711755,4.10423452768731,0,2.42494226327945,7.70993007038149,4.30686406460295,3.89292872566011,4.20806767380634,6.18124672603457,4.85351989505901,3.59580236117183,5.08311250301132,7.64069296952937,5.93203297808165,5.34609281202586,5.9495525240788,5.92007893438579
"price",6.37544273907912,7.37265980772475,7.75244299674266,5.41403938678541,7.12086220169362,0,4.97981157469715,4.31761185936848,4.81481231514589,5.97171293871138,5.24704853519895,4.12103191954525,5.56492411467114,5.6395590965574,5.89181580534885,7.33872740559915,6.26402887178013,4.09472126295017
"sustainable",2.83353010625738,6.12497891718672,5.08143322475569,5.66013208618474,5.6581986143187,6.83560810363721,6.27187079407806,8.77678476330644,6.98734957929706,7.124148768989,7.18554146625856,7.59562745955399,8.20284268850878,5.73051972714703,8.11381459883369,0,6.85898412418799,0
"member",6.84769775678867,4.8772980266487,6.5798045602606,5.41403938678541,6.42802155504235,7.55096244006436,7.05248990578733,6.01634439420201,6.79162550144561,5.60502881089574,6.61711120827867,4.16143419326628,6.70922669236326,5.95792130362112,6.91735371003416,0,5.84756019509457,5.32807104094719
"house",4.95867768595043,3.06248945859336,4.49511400651467,0,2.65588914549654,4.13315838824576,3.25706594885599,3.96370924794486,3.46431617797081,4.92404400209535,3.9498615362192,3.51499781372977,4.31221392435557,6.04888193421075,4.93665795294588,6.07510546821121,5.23560622118933,8.73211642821905
"workers",2.71546635182999,3.17591499409682,3.32247557003258,0,1.96304849884527,5.24593180046577,3.14939434724091,0,2.28997171086206,0,1.70529077393966,0,1.40929896410503,0,1.17635230243314,4.7142818433319,1.81886320021838,28.4163788850518
"jobs",0,0,0,0,0,6.91509191879577,2.34185733512786,4.45917290393796,2.93586116777188,7.96228391828184,4.40169071563911,3.47459554000874,4.67357263310045,0,3.90106575507741,5.20029028078881,4.20718357059858,13.4681795757277
"innovation",0,0,0,0,0,0,0,4.03448977022958,1.11562724375331,4.40020953378734,2.05509400961959,4.88867512024485,3.15586605637195,8.86866148248945,4.59481198471747,5.15168943704308,4.7851401015091,9.81746423285641
"gas",17.3553719008265,10.888851408332,15.8306188925081,9.7616770761737,13.9337952270978,7.86889770069866,12.4091520861373,7.00727170618822,10.9605483596817,5.76217915138815,9.76534032939804,2.90896370791429,8.93760539629003,0,7.46028554192638,0,6.30652567552353,0
"products",4.95867768595043,3.06248945859336,4.49511400651467,3.44529779159071,4.27251732101616,3.65625549729432,4.22611036339166,5.02541708221579,4.46250897501323,5.81456259821897,4.94097070397899,3.59580236117183,5.15538424476031,8.36837801424646,6.15322742811178,0,5.20160877819461,5.87074494326591
"membership",8.61865407319955,8.50691516275934,9.64169381107491,6.48044108418254,8.73749037721323,6.19973758236862,8.2099596231494,6.2994664833409,7.71152866734746,5.02881089575695,7.14181606179857,3.87861827721906,7.05854011081666,6.50368508715893,7.32957973054492,0,6.19603398579064,0
"opportunity",1.65289256198347,0,0.912052117263844,3.19920509219138,2.04003079291763,5.24593180046577,3.20323014804845,4.1052702925143,3.46431617797081,4.71451021477213,3.89156099693921,3.35338871884564,4.2158516020236,4.77543310595586,4.57470339835109,5.34609281202586,4.80213882300646,7.69610261470152
"america",5.3128689492326,3.85646820711755,5.14657980456027,4.34763768938828,5.08083140877598,4.61006127919718,5.11440107671599,4.67151447079213,5.01053639299733,9.84808800419067,6.47135986007869,0,5.34810888942423,8.231937068362,6.28393323949324,0,5.3121004679275,4.53872718302911
"environmental",4.25029515938608,11.9096812278631,9.18566775244299,8.36715177957743,9.35334872979214,9.93547689482152,9.90578734858678,8.21054058502861,9.4730453680106,6.60031430068099,8.8908322401982,3.95942282466112,8.52806552637916,0,7.11843957369796,0,6.01754741006829,0
"ridesharing",0,0,0,0,0,0,0,0,0,0,0,0,0,6.23080319539002,1.37743816609692,17.6907071234311,4.25817973509069,10.1628021706956
"companys",3.65997638724911,3.17591499409682,3.84364820846904,3.03514329259182,3.69515011547344,0,2.58411843876177,5.02541708221579,3.26859210011936,5.08119434258773,3.84783559247922,6.01993878443374,4.97470489038785,4.72995279066104,5.1980695757088,4.56847931209483,5.19310941744594,4.39072520966946
"citys",0,0,0,3.85545229058962,1.80908391070054,4.13315838824576,2.66487213997308,6.72414961704929,3.79704711031829,6.07647983237298,4.51829179419909,5.13108876257104,5.26379185738374,7.27685044717083,6.00241303036394,4.95728606206036,5.94105316333013,0
"country",2.47933884297521,3.74304267161411,3.51791530944625,4.10154498998895,4.00307929176291,4.84851272467291,4.4414535666218,0,3.22944728454906,4.97642744892613,3.78953505319924,3.83821600349803,4.27607805348108,5.95792130362112,4.88638648702996,4.66568099958621,4.9466279557341,5.37740503206711
"issues",2.83353010625738,3.40276606510373,3.51791530944625,4.42966858918805,4.15704387990761,3.49728786697718,4.09152086137281,4.17605081479903,4.12977804266576,3.7716081718177,4.12476315405916,3.35338871884564,4.40857624668754,0,3.67987130504725,4.13107171838362,3.83321169765648,11.5441539220523
"safety",1.2987012987013,0,0.716612377850161,0,0.423402617397997,0,0.296096904441453,0,0.215296485636604,0,0.160326483019968,3.39379099256667,1.14430257769212,5.68503941185221,2.21194450030162,9.67156790539227,3.5612321536986,12.48149975333
"school",6.13931523022434,3.85646820711755,5.60260586319219,5.66013208618474,5.96612779060818,7.70993007038149,6.78331090174964,4.67151447079213,6.22402567567638,3.7716081718177,5.68430257979886,3.43419326628771,5.72151288846061,4.82091342125068,5.84154433943294,0,4.93812859498543,4.39072520966946
"trips",2.47933884297521,3.74304267161411,3.51791530944625,0,2.07852193995381,5.64335087625863,3.36473755047106,4.45917290393796,3.67961266360742,4.97642744892613,4.12476315405916,3.47459554000874,4.44471211756202,9.5053858966169,5.81138145988335,4.47127762460345,5.69457170161829,0
"environment",6.25737898465173,7.14580873671784,7.55700325732898,9.10542987777547,8.73749037721323,6.91509191879577,8.45222072678332,5.8040028273478,7.75067348291777,4.66212676794135,7.06894038769857,3.31298644512461,6.82967959527824,4.32062995300769,6.65594208727124,0,5.62657681562884,0
"ownership",4.0141676505313,3.62961713611064,4.29967426710099,3.85545229058962,4.34949961508852,3.89470694277003,4.36069986541051,5.8040028273478,4.77566749957558,6.28601361969617,5.30534907447892,5.17149103629208,5.92628282341605,0,4.94671224612909,4.17967256212931,4.91263051273937,4.04538727183029
"worlds",0,3.06248945859336,1.75895765472313,4.83982308818695,3.31023864511163,8.34580059165008,5.14131897711977,6.72414961704929,5.5977086265517,6.12886327920376,5.8737793324588,4.96947966768692,6.33582269332688,5.9124409883263,6.59561632817212,0,5.57558065113673,0
"zipcars",14.1676505312869,4.8772980266487,10.6188925081433,5.08591578758628,8.66050808314087,10.2534121554558,9.52893674293405,5.8040028273478,8.53356979432358,7.17653221581982,8.35155225185833,3.07057280279842,7.81739339918089,0,6.52523627588978,0,5.51608512589594,0
"station",1.2987012987013,0,0.716612377850161,3.1171741923916,1.8860662047729,0,1.31897711978465,7.92741849588967,3.15115765340848,6.12886327920376,4.05188747995917,3.31298644512461,4.33630450493856,9.23250400484799,5.66056706213552,3.93666834340086,5.4735883221525,0
"europe",1.41676505312869,3.74304267161411,2.93159609120521,4.34763768938828,3.7721324095458,4.05367457308719,4.01076716016152,6.37024700562563,4.67780546064985,4.45259298061812,4.72234368167905,4.28264101442937,5.17947482534329,5.09379531301958,5.44942690528856,4.81148353082327,5.44809023990645,0
"platform",0,0,0,0,0,0,0,0,0,4.66212676794135,1.29718699897974,5.3331001311762,2.66200915442062,0,2.22199879348482,9.52576537415518,3.54423343220123,10.9028120374938
"renting",0,0,0,0,0,0,0,0,0,4.29544264012571,1.19516105523976,4.36344556187144,2.28860515538424,5.09379531301958,3.03639654132314,8.79675271796982,4.10519124161438,7.15342871238284
"rate",4.84061393152302,4.19674481362793,5.08143322475569,3.52732869139049,4.657428791378,4.21264220340432,4.68371467025572,4.81307551536158,4.7365226840053,5.65741225772656,5.10129718699896,3.47459554000874,5.25174656709227,0,4.3836718278705,4.27687424962069,4.45366503231042,4.93339911198814
"college",0,5.44442570416596,3.12703583061889,8.61324447897676,5.88914549653581,7.23302717943007,6.5679676985195,8.56444319645227,7.14392884157823,6.60031430068099,7.15639119661855,0,5.91423753312454,5.82148035773667,6.22360748039411,0,5.26110430343539,0
"study",0,0,0,3.1171741923916,1.4626635873749,0,1.0228802153432,5.02541708221579,2.1333924485809,4.76689366160294,2.91502696399941,4.04022737210318,3.6135870874488,4.72995279066104,4.06193444600844,3.83946665590948,4.10519124161438,6.61075481006411
"county",5.43093270365999,3.28934052960029,4.88599348534204,6.80856468338164,6.08160123171669,6.04076995205149,6.29878869448184,6.58258857247984,6.40017734574269,4.66212676794135,6.06325608511877,3.35338871884564,6.0105998554565,5.27571657419885,6.18339030766136,0,5.22710686044066,0
"american",3.89610389610392,0,2.14983713355049,5.33200848698561,3.7721324095458,8.10734914617435,5.38358008075369,5.5208807382089,5.44112936427053,0,4.05188747995917,4.32304328815041,4.63743676222596,5.59407878126258,5.10758093706014,0,4.31767526033148,5.22940305870743
"carshare",8.97284533648171,3.06248945859336,6.7100977198697,7.87496638077877,7.65973826020016,4.21264220340432,6.78331090174964,4.81307551536158,6.26317049124665,3.92875851231011,5.75717825389886,3.27258417140358,5.73355817875208,5.95792130362112,6.10295596219586,0,5.15911197445121,0
"communities",0.826446280991738,2.72221285208298,2.01954397394137,0,1.19322555812163,3.25883642150146,1.93808882907133,5.37931969363941,2.89671635220158,4.66212676794135,3.4543069523393,3.23218189768255,3.81835702240423,5.09379531301958,4.31329177558817,3.88806749965517,4.32617462108016,4.09472126295017
"sustainability",0,0,0,3.1171741923916,1.4626635873749,6.67664047332008,3.28398384925975,6.79493013933401,4.26678489716179,7.01938187532741,5.13044745663897,5.3331001311762,5.82992050108409,4.63899216007141,5.89181580534885,0,4.98062539872882,0
"driver",0,0,0,3.28123599199116,1.53964588144727,0,1.07671601615074,0,0.782896311405835,0,0.583005392799881,0,0.481811611659842,4.32062995300769,1.35732957973054,13.2680303425733,3.46773918546307,8.73211642821905
"congestion",11.2160566706021,12.2499578343734,13.2247557003257,9.02339897797566,12.0477290223249,7.78941388554009,11.0632570659489,5.59166126049362,9.59047981472146,0,7.14181606179857,3.11097507651945,6.82967959527824,0,5.70078423486827,0,4.81913754450383,0
"investment",5.54899645808737,4.8772980266487,5.86319218241042,0,3.46420323325635,3.89470694277003,3.74158815612382,5.66244178277835,4.28635730494693,6.4955474070194,4.999271243259,3.95942282466112,5.31197301854974,5.23023625890404,5.59018700985318,0,4.72564457626831,0
"brand",3.7780401416765,3.85646820711755,4.29967426710099,3.93748319038938,4.38799076212471,3.25883642150146,4.1722745625841,6.93649118390346,4.95181916964188,5.18596123624936,5.13044745663897,8.24206383909049,6.69718140207179,0,5.59018700985318,0,4.72564457626831,0
"projects",0,0,0,5.00388488778651,2.34795996920708,6.04076995205149,3.68775235531628,7.57351588446605,4.77566749957558,5.50026191723415,5.08672205217898,3.51499781372977,5.25174656709227,5.18475594360922,5.52986125075406,0,4.67464841177621,0
"traditional",0,0,0,0,0,0,0,0,0,0,0,0,0,5.18475594360922,1.14618942288357,8.8453535617155,2.51581078161047,12.48149975333
"income",0,0,0,0,0,3.49728786697718,1.18438761776581,0,0.861185942546417,4.87166055526454,1.9967934703396,2.90896370791429,2.51746567092267,0,2.10134727528654,4.90868521831468,2.63480183209204,11.248149975333
"bus",6.37544273907912,7.93978748524204,8.07817589576548,8.2030899799779,8.62201693610468,3.49728786697718,7.21399730820995,5.16697812678524,6.67419105473471,3.7716081718177,6.01953068065878,0,4.97470489038785,5.59407878126258,5.38910114618943,0,4.55565736129463,0
"connect",0,0,0,0,0,6.19973758236862,2.09959623149394,7.78585745132022,3.67961266360742,8.01466736511262,4.97012097361899,0,4.10744398940014,0,3.42851397546752,4.228273405875,3.63772640043676,5.22940305870743
"alternative",6.13931523022434,6.12497891718672,6.90553745928338,5.08591578758628,6.46651270207853,10.2534121554558,7.99461641991922,8.77678476330644,8.23998367754642,5.65741225772656,7.71024631977845,0,6.37195856420137,0,5.3187210939071,0,4.49616183605384,0
"bicycles",0,0,0,3.69139049099005,1.73210161662818,0,1.21130551816958,7.43195483989656,2.93586116777188,4.19067574646411,3.35228100859932,3.19177962396152,3.72199470007226,5.73051972714703,4.3736175346873,4.228273405875,4.43666631081305,0
"international",0,2.72221285208298,1.56351791530945,0,0.923787528868359,5.16644798530721,2.39569313593539,3.75136768109065,2.77928190549071,5.23834468308014,3.52718262643929,3.5554000874508,3.97494579619368,8.41385832954128,5.17796098934242,0,4.37717078557226,0
"peertopeer",0,0,0,0,0,0,0,0,0,4.71451021477213,1.31176213379974,4.24223874070834,2.34883160684172,0,1.96058717072189,7.92193753054742,3.04277114802888,7.69610261470152
"food",2.24321133412043,0,1.23778501628665,4.67576128858738,2.92532717474981,0,2.0457604306864,0,1.48750299167109,0,1.10771024631978,4.04022737210318,2.1199710913033,5.68503941185221,3.02634224813995,5.68629871824567,3.55273279294991,4.73606314750863
"cycling",0,2.9490639230899,1.69381107491857,4.51169948898785,3.11778290993072,3.41780405181861,3.33781965006729,4.88385603764631,3.77747470253315,5.86694604504975,4.4454161200991,4.36344556187144,4.97470489038785,4.45707089889214,5.13774381660968,0,4.34317334257753,0
"digital",2.00708382526565,3.5161916006072,3.12703583061889,3.03514329259182,3.27174749807544,0,2.28802153432032,0,1.6636546617374,0,1.23888645969975,3.43419326628771,2.04769934955432,4.77543310595586,2.76493062537703,4.61708015584052,3.14476347701308,6.75875678342375
"boston",4.48642266824085,0,2.47557003257329,0,1.4626635873749,4.21264220340432,2.44952893674293,0,1.78108910844827,9.90047145102149,4.08103774959918,4.36344556187144,4.67357263310045,5.36667720478849,5.08747235069376,0,4.30067653883411,0
"apps",0,0,0,0,0,0,0,0,0,0,0,4.4442501093135,1.32498193206456,5.32119688949367,2.28232455258395,6.65831559315948,3.09376731252098,6.75875678342375
"enterprise",0,0,0,0,0,0,0,0,0,6.07647983237298,1.69071563911966,4.80787057280279,2.83064321850156,12.0977638684215,5.0372008847778,0,4.25817973509069,0
"platforms",0,0,0,0,0,0,0,0,0,0,0,0,0,0,0,6.99852149937929,1.2239079478105,17.5629008386778
"marketing",6.96576151121606,3.96989374262102,6.12377850162865,3.60935959119029,5.31177829099309,5.48438324594146,5.57200538358009,4.81307551536158,5.38241214091512,0,4.00816207549919,4.24223874070834,4.57721031076849,5.23023625890404,4.97687512567868,0,4.20718357059858,0
"facebook",0,0,0,0,0,0,0,4.81307551536158,1.33092372938992,4.55735987427971,2.25914589709954,8.88850021862701,4.516983859311,4.86639373654549,4.84616931429721,0,4.09669188086569,0
"law",1.88902007083825,0,1.04234527687296,3.28123599199116,2.15550423402617,0,1.50740242261103,0,1.09605483596817,0,0.816207549919835,3.23218189768255,1.63815947964346,0,1.36738387291373,7.24152571810775,2.42231781337494,9.22545633941785
"canada",1.65289256198347,2.72221285208298,2.47557003257329,3.28123599199116,3.00230946882217,0,2.09959623149394,6.2994664833409,3.26859210011936,4.97642744892613,3.81868532283923,3.03017052907739,4.05926282823415,6.00340161891594,4.71546350291574,0,3.9862001911328,0
"smart",0,0,0,0,0,0,0,7.21961327304239,1.99638559408488,5.44787847040337,3.00247777291939,5.57551377350239,4.14357986027463,5.6395590965574,4.70540920973255,0,3.97770083038412,0
"carbon",3.06965761511217,7.25923427222131,5.86319218241042,7.46481188177987,6.96689761354888,8.34580059165008,7.69851951547779,5.59166126049362,7.14392884157823,4.97642744892613,6.70456201719865,0,5.54083353408816,0,4.62497486426703,0,3.90970594439464,0
"bixi",0,0,0,0,0,0,0,5.87478334963252,1.6245098461671,9.00995285489787,3.71665937909925,0,3.07154902433148,5.41215752008331,3.76030565051276,3.98526918714655,3.87570850139991,0
"chicago",2.36127508854782,5.33100016866252,4.36482084690554,3.28123599199116,4.11855273287142,0,2.88021534320323,0,2.09424763301061,6.70508119434259,3.42515668269931,0,2.83064321850156,5.86696067303148,3.65976271868087,4.27687424962069,3.84171105840517,0
"prices",11.4521841794569,2.83563838758644,7.94788273615635,8.77730627857633,8.8144726712856,0,6.16419919246299,0,4.48208138279841,6.91461498166578,5.26162367001893,0,4.34834979523006,0,3.6295998391313,4.27687424962069,3.81621297615912,0
"rates",6.02125147579692,3.96989374262102,5.60260586319219,3.85545229058962,5.11932255581217,4.37160983372149,5.06056527590848,5.8040028273478,5.28455010198936,4.81927710843372,5.27619880483895,3.23218189768255,5.32401830884125,0,4.44399758696963,0,3.75671745091833,0
"room",0,0,0,0,0,0,0,0,0,0,0,0,0,5.95792130362112,1.31711240699779,8.60234934298705,2.61780311059468,6.31475086334483
"quality",3.54191263282172,0,1.95439739413681,0,1.15473441108545,0,0.807537012113055,4.03448977022958,1.70279947730769,0,1.26803672933974,3.23218189768255,2.01156347867983,4.41159058359732,2.65433340036195,3.79086581216379,2.90678137604993,4.24272323630982
"hotel",0,0,0,0,0,0,0,0,0,0,0,0,0,5.82148035773667,1.28694952744822,7.4845299368362,2.39681973112889,7.10409472126296
"mobility",0,0,0,0,0,0,0,7.14883275075767,1.97681318629973,0,1.4720886168197,6.42396152164406,3.13177547578896,7.41329139305529,4.25296601648904,0,3.59522959669333,0
"startup",0,0,0,0,0,0,0,0,0,0,0,2.98976825535636,0.891351481570705,4.45707089889214,1.72933842750854,6.56111390566812,2.60930374984599,5.57474099654663
"works",1.18063754427391,3.85646820711755,2.86644951140065,4.92185398798675,4.00307929176291,0,2.79946164199192,3.75136768109065,3.0728680222679,0,2.28829616673954,3.27258417140358,2.86677908937605,4.50255121418696,3.38829680273476,4.03387003089224,3.56973151444728,0
"emissions",4.48642266824085,5.10414909765561,5.4071661237785,6.39841018438274,6.19707467282524,6.91509191879577,6.67563930013457,5.8040028273478,6.45889456909814,4.60974332111053,6.09240635475878,0,5.03493134184532,0,4.20269455057309,0,3.55273279294991,0
"startups",0,0,0,0,0,0,0,0,0,0,0,3.31298644512461,0.987713803902672,4.95735436713513,1.92036999798914,5.68629871824567,2.61780311059468,5.32807104094719
"competition",0,0,0,0,0,0,0,4.45917290393796,1.23306169046419,0,0.918233493659813,0,0.758853288364247,0,0.63342047054092,5.44329449951726,1.4873881310197,11.7414898865318
"benefit",2.71546635182999,2.83563838758644,3.12703583061889,0,1.84757505773672,4.68954509435575,2.88021534320323,0,2.09424763301061,4.60974332111053,2.84215128989943,0,2.34883160684172,0,1.96058717072189,3.7422649684181,2.31182612364205,6.95609274790332
"regulations",0,0,0,0,0,0,0,0,0,0,0,0,0,0,0,8.31074428051291,1.45339068802497,11.7414898865318
"phone",5.43093270365999,3.96989374262102,5.27687296416937,0,3.11778290993072,0,2.18034993270525,4.52995342622269,2.83799912884615,0,2.11339454889957,3.19177962396152,2.6981450252951,4.3661102683025,3.21737381862055,3.93666834340086,3.40824366022229,0
"rides",0,0,0,0,0,0,0,0,0,0,0,0,0,4.95735436713513,1.09591795696762,9.57436621790086,2.60080438909731,4.44005920078934
"improve",2.5974025974026,0,1.43322475570033,3.19920509219138,2.34795996920708,4.61006127919718,3.20323014804845,5.94556387191724,3.97319878038459,4.60974332111053,4.24136423261915,0,3.50517947482534,4.63899216007141,3.95133722099336,0,3.34024877423281,0
"countries",0,2.72221285208298,1.56351791530945,0,0.923787528868359,0,0.646029609690443,0,0.469737786843499,0,0.349803235679929,3.27258417140358,1.26475548060708,4.50255121418696,2.0510758093706,4.47127762460345,2.51581078161047,4.53872718302911
"rentals",0,0,0,0,0,0,0,0,0,3.98114195914092,1.10771024631978,0,0.915442062153698,5.09379531301958,1.89020711843957,4.90868521831468,2.45631525636968,4.78539713862851
"washington",9.56316410861868,4.76387249114523,8.01302931596093,5.33200848698561,7.23633564280217,0,5.06056527590848,0,3.67961266360742,5.97171293871138,4.40169071563911,3.39379099256667,4.64948205251747,0,3.88095716871103,0,3.28075324899203,0
"charging",0,0,0,0,0,0,0,6.08712491648673,1.68322706952254,5.02881089575695,2.65267453723947,3.27258417140358,3.16791134666345,4.82091342125068,3.71003418459682,0,3.1362641162644,0
"property",1.53482880755608,0,0.846905537459285,0,0.500384911470361,0,0.34993270524899,0,0.254441301206896,0,0.189476752659962,0,0.156588773789448,5.36667720478849,1.31711240699779,4.13107171838362,1.83586192171575,7.498766650222
"exchange",0,0,0,0,0,0,0,0,0,5.70979570455737,1.58868969537968,2.98976825535636,2.20428812334377,0,1.83993565252363,3.88806749965517,2.23533187690389,4.78539713862851
"federal",0,0,0,0,0,3.49728786697718,1.18438761776581,3.89292872566011,1.93766837072944,4.87166055526454,2.79842588543944,0,2.31269573596723,0,1.93042429117233,0,1.63187726374733,8.04144055254068
"commission",0,0,0,0,0,0,0,4.24683133708375,1.17434446710875,3.6668412781561,1.89476752659962,3.03017052907739,2.46928450975668,0,2.06113010255379,0,1.74236895348022,7.10409472126296
"opportunities",0,0,0,0,0,0,0,0,0,0,0,3.47459554000874,1.03589496506866,5.1392756283144,2.00080434345465,0,1.69137278898812,7.2520966946226
"regulatory",0,0,0,0,0,0,0,0,0,0,0,0,0,0,0,6.12370631195689,1.07091945433418,10.7054760730143
"job",0,0,0,0,0,5.88180232173436,1.99192462987887,0,1.44835817610079,0,1.07855997667978,0,0.891351481570705,0,0.744017695556001,4.37407593711207,1.39389516278418,8.73211642821905
"ford",6.25737898465173,0,3.45276872964169,0,2.04003079291763,0,1.42664872139973,6.08712491648673,2.72056468213527,6.44316396018858,3.81868532283923,3.19177962396152,4.10744398940014,0,3.42851397546752,0,2.89828201530125,0
"friends",0,3.5161916006072,2.01954397394137,0,1.19322555812163,0,0.834454912516821,0,0.606744641339521,5.55264536406496,1.9967934703396,4.96947966768692,3.13177547578896,0,2.61411622762919,3.79086581216379,2.87278393305519,0
"association",0,3.17591499409682,1.82410423452769,3.52732869139049,2.7328714395689,3.49728786697718,3.09555854643337,0,2.25082689529177,0,1.67614050429966,0,1.38520838352204,0,1.15624371606676,4.03387003089224,1.68287342823943,6.85742476566351
"customer",1.06257378984652,0,0.586319218241042,0,0.346420323325635,0,0.242261103633916,0,0.176151670066313,0,0.131176213379974,4.32304328815041,1.39725367381354,4.91187405184031,2.25216167303438,5.39469365577154,2.84728585080914,0
"collaborativeconsumption",0,0,0,0,0,0,0,0,0,5.29072812991096,1.4720886168197,4.88867512024485,2.67405444471211,0,2.232053086668,5.39469365577154,2.83028712931178,0
"popular",0,2.9490639230899,1.69381107491857,0,1.00076982294072,0,0.699865410497982,0,0.508882602413791,4.50497642744894,1.63241509983967,0,1.34907251264755,4.41159058359732,2.10134727528654,5.83210124948276,2.79628968631704,0
"ubers",0,0,0,0,0,0,0,0,0,0,0,0,0,0,0,9.13695862418963,1.59787982075259,6.85742476566351
"flexcar",18.417945690673,19.1689155000844,21.1726384364821,0,12.509622786759,0,8.74831763122475,0,6.36103253017241,0,4.73691881649903,0,3.9147193447362,0,3.26764528453649,0,2.7622922433223,0
"homes",1.53482880755608,2.83563838758644,2.47557003257329,0,1.4626635873749,0,1.0228802153432,0,0.743751495835543,0,0.553855123159888,0,0.457721031076849,0,0.38206314096119,7.58173162432761,1.6488759852447,6.41341884558459
"rules",0,0,0,0,0,0,0,0,0,0,0,0,0,0,0,5.97790378071985,1.04542137208813,9.86679822397629
"innovative",0,0,0,0,0,0,0,7.78585745132022,2.15296485636604,0,1.60326483019968,0,1.32498193206456,4.91187405184031,2.19183591393525,0,1.85286064321311,5.13073507646767
"toronto",6.25737898465173,0,3.45276872964169,0,2.04003079291763,3.89470694277003,2.74562584118438,7.36117431761184,4.03191600374004,0,3.00247777291939,0,2.48132980004818,5.27571657419885,3.23748240498693,0,2.73679416107625,0
"legal",0,0,0,0,0,0,0,0,0,0,0,0,0,0,0,5.7348995619914,1.00292456834471,9.07745436605821
"budget",3.06965761511217,0,1.69381107491857,0,1.00076982294072,3.41780405181861,1.85733512786002,0,1.35049613717506,3.6668412781561,2.02594373997959,0,1.67429535051795,7.1858898165812,2.9861250754072,0,2.52431014235915,0
"design",1.06257378984652,0,0.586319218241042,3.85545229058962,2.15550423402617,0,1.50740242261103,0,1.09605483596817,5.18596123624936,2.25914589709954,0,1.86701999518188,6.4127244565693,2.976070782224,0,2.51581078161047,0
"family",0,0,0,0,0,3.33832023666003,1.13055181695828,0,0.822041126976124,3.7192247249869,1.64699023465967,3.07057280279842,2.27655986509275,0,1.90026141162276,0,1.60637918150128,5.22940305870743
"brands",0,0,0,0,0,0,0,4.45917290393796,1.23306169046419,0,0.918233493659813,6.18154787931787,2.60178270296314,0,2.17172732756887,3.79086581216379,2.4988120601131,0
"trust",0,0,0,0,0,0,0,0,0,0,0,0,0,0,0,6.94992065563361,1.21540858706181,7.20276270350272
"technologies",1.41676505312869,0,0.781758957654725,0,0.461893764434181,0,0.323014804845222,0,0.23486889342175,0,0.174901617839965,3.31298644512461,1.13225728740062,4.63899216007141,1.97064146390509,0,1.66587470674207,4.44005920078934
"corporate",0.826446280991738,0,0.456026058631922,0,0.269438029253272,3.65625549729432,1.42664872139973,4.17605081479903,2.19210967193634,4.34782608695652,2.84215128989943,3.63620463489287,3.43290773307636,0,2.86547355720892,0,2.42231781337494,0
"bikesharing",0,0,0,0,0,0,0,6.44102752791035,1.78108910844827,4.29544264012571,2.52149832385949,0,2.08383522042881,5.04831499772476,2.85541926402573,0,2.41381845262626,0
"climate",3.30578512396695,4.42359588463484,4.36482084690554,6.48044108418254,5.61970746728252,4.45109364888005,5.43741588156124,5.5208807382089,5.48027417984084,0,4.08103774959918,0,3.37268128161888,0,2.81520209129298,0,2.37982100963152,0
"security",5.07674144037782,0,2.80130293159609,0,1.65511932255581,0,1.15746971736205,3.96370924794486,1.93766837072944,0,1.44293834717971,3.39379099256667,2.20428812334377,0,1.83993565252363,0,1.55538301700918,4.68672915638875
"owning",5.54899645808737,0,3.06188925081433,4.10154498998895,3.73364126250962,7.31251099458863,5.08748317631226,5.02541708221579,5.08882602413792,0,3.78953505319924,0,3.13177547578896,0,2.61411622762919,0,2.20983379465784,0
"infrastructure",1.06257378984652,0,0.586319218241042,0,0.346420323325635,4.13315838824576,1.64199192462988,5.8040028273478,2.79885431327586,0,2.08424427925958,0,1.72247651168393,5.27571657419885,2.60406193444601,0,2.20133443390916,0
"riders",0,0,0,0,0,0,0,0,0,0,0,0,0,5.9124409883263,1.3070581138146,6.22090799944826,2.19283507316047,0
"reducing",2.95159386068477,5.33100016866252,4.69055374592836,3.19920509219138,4.27251732101616,6.51767284300291,5.19515477792733,4.52995342622269,5.03010880078247,0,3.74580964873924,0,3.09563960491447,0,2.58395334807963,0,2.18433571241179,0
"passengers",0,0,0,0,0,0,0,0,0,0,0,0,0,0,0,7.4845299368362,1.30890155529734,5.03206709422791
"leader",0,0,0,4.18357588978872,1.96304849884527,5.48438324594146,3.23014804845222,3.89292872566011,3.42517136240052,0,2.55064859349948,3.23218189768255,3.07154902433148,0,2.56384476171325,0,2.16733699091442,0
"laws",0,0,0,0,0,0,0,0,0,0,0,0,0,0,0,5.34609281202586,0.93492968235524,7.10409472126296
"team",1.53482880755608,3.40276606510373,2.80130293159609,0,1.65511932255581,0,1.15746971736205,3.82214820337538,1.89852355515915,4.0335254059717,2.53607345867949,3.15137735024048,3.03541315345699,0,2.53368188216368,0,2.14183890866837,0
"cyclists",0,0,0,0,0,0,0,4.81307551536158,1.33092372938992,4.13829229963333,2.14254481853957,4.16143419326628,3.011322572874,0,2.5135732957973,0,2.124840187171,0
"leaders",0,0,0,0,0,0,0,6.2994664833409,1.74194429287798,3.82399161864851,2.36117184083952,0,1.95133702722235,0,1.62879549567665,0,1.37689644128681,4.2920572274297
"rooms",0,0,0,0,0,0,0,0,0,0,0,0,0,0,0,7.0957231868707,1.24090666930787,4.93339911198814
"chairman",0,0,0,3.19920509219138,1.50115473441108,3.25883642150146,2.15343203230148,0,1.56579262281167,4.55735987427971,2.43404751493951,3.11097507651945,2.93905083112502,0,2.45324753669817,0,2.0738440226789,0
"regulation",0,0,0,0,0,0,0,0,0,0,0,0,0,0,0,3.79086581216379,0.662950138397354,8.14010853478044
"individuals",0,0,0,0,0,0,0,0,0,0,0,0,0,0,0,4.17967256212931,0.730945024386823,7.7454366058214
"cash",4.84061393152302,0,2.67100977198697,0,1.57813702848345,3.33832023666003,2.23418573351278,0,1.6245098461671,3.6668412781561,2.22999562745955,0,1.84292941459889,0,1.53830685702795,4.32547509336638,2.05684530118153,0
"relayrides",0,0,0,0,0,0,0,0,0,5.70979570455737,1.58868969537968,5.3331001311762,2.90291496025054,0,2.4230846571486,0,2.04834594043285,0
"hybrid",1.06257378984652,3.62961713611064,2.67100977198697,3.44529779159071,3.19476520400308,5.08696417014861,3.95693135935396,6.37024700562563,4.63866064507958,0,3.4543069523393,0,2.85473379908455,0,2.38286748441584,0,2.01434849743811,0
"governments",1.41676505312869,0,0.781758957654725,0,0.461893764434181,3.33832023666003,1.4535666218035,0,1.05691002039788,0,0.787057280279842,0,0.650445675740782,0,0.542931831892218,0,0.458965480428936,8.68278243709917
"airport",0,0,0,0,0,0,0,0,0,3.92875851231011,1.09313511149978,0,0.903396771862199,7.04944887069674,2.31248743213352,0,1.95485297219732,0
"avis",0,0,0,0,0,0,0,0,0,0,0,0,0,10.3240315719236,2.28232455258395,0,1.92935488995127,0
"helmets",0,0,0,0,0,0,0,0,0,0,0,5.25229558373414,1.56588773789448,4.41159058359732,2.28232455258395,0,1.92935488995127,0
"vancouver",0,3.40276606510373,1.95439739413681,0,1.15473441108545,0,0.807537012113055,0,0.587172233554377,0,0.437254044599911,3.59580236117183,1.43338954468802,4.86639373654549,2.27227025940076,0,1.92085552920259,0
"hosts",0,0,0,0,0,0,0,0,0,0,0,0,0,0,0,5.92930293697412,1.03692201133945,5.03206709422791
"ondemand",0,0,0,0,0,0,0,0,0,0,0,0,0,0,0,0,0,10.7054760730143
"taxis",0,0,0,0,0,0,0,0,0,0,0,0,0,0,0,5.92930293697412,1.03692201133945,4.63739516526887
"apartment",0,0,0,0,0,0,0,0,0,0,0,0,0,5.41215752008331,1.19646088879952,4.56847931209483,1.81036383946969,0
"european",1.18063754427391,3.28934052960029,2.54071661237785,0,1.50115473441108,0,1.04979811574697,5.23775864906997,2.21168207972148,0,1.64699023465967,3.87861827721906,2.51746567092267,0,2.10134727528654,0,1.77636639647496,0
"hotels",0,0,0,0,0,0,0,0,0,0,0,0,0,0,0,5.15168943704308,0.900932239360506,4.68672915638875
